"Region","Distrito","Municipio","Escuela","Categoria","Graduados","Cohorte","Tasa","Tasa_bucket"
"ARECIBO","MANATÍ","BARCELONETA","FERNANDO SURIA CHAVES","TODOS",219,298,73,"70% - 79%"
"ARECIBO","MANATÍ","BARCELONETA","FERNANDO SURIA CHAVES","IMPEDIDOS",36,57,63,"60% - 69%"
"ARECIBO","MANATÍ","BARCELONETA","FERNANDO SURIA CHAVES","BAJO NIVEL DE POBREZA",157,216,73,"70% - 79%"
"ARECIBO","MANATÍ","BARCELONETA","FERNANDO SURIA CHAVES","FEMENINO",111,136,82,"80% - 100%"
"ARECIBO","MANATÍ","BARCELONETA","FERNANDO SURIA CHAVES","MASCULINO",108,162,67,"60% - 69%"
"ARECIBO","MANATÍ","FLORIDA","JUAN PONCE DE LEÓN II","TODOS",144,199,72,"70% - 79%"
"ARECIBO","MANATÍ","FLORIDA","JUAN PONCE DE LEÓN II","IMPEDIDOS",30,50,60,"60% - 69%"
"ARECIBO","MANATÍ","FLORIDA","JUAN PONCE DE LEÓN II","BAJO NIVEL DE POBREZA",105,146,72,"70% - 79%"
"ARECIBO","MANATÍ","FLORIDA","JUAN PONCE DE LEÓN II","FEMENINO",81,100,81,"80% - 100%"
"ARECIBO","MANATÍ","FLORIDA","JUAN PONCE DE LEÓN II","MASCULINO",63,99,64,"60% - 69%"
"ARECIBO","ARECIBO","HATILLO","LORENZO COBALLES GANDÍA","TODOS",89,141,63,"60% - 69%"
"ARECIBO","ARECIBO","HATILLO","LORENZO COBALLES GANDÍA","IMPEDIDOS",16,29,55,"50% - 59%"
"ARECIBO","ARECIBO","HATILLO","LORENZO COBALLES GANDÍA","BAJO NIVEL DE POBREZA",72,116,62,"60% - 69%"
"ARECIBO","ARECIBO","HATILLO","LORENZO COBALLES GANDÍA","FEMENINO",55,89,62,"60% - 69%"
"ARECIBO","ARECIBO","HATILLO","LORENZO COBALLES GANDÍA","MASCULINO",34,52,65,"60% - 69%"
"ARECIBO","CAMUY","LARES","GABRIELA MISTRAL","TODOS",33,44,75,"70% - 79%"
"ARECIBO","CAMUY","LARES","GABRIELA MISTRAL","IMPEDIDOS",7,11,64,"60% - 69%"
"ARECIBO","CAMUY","LARES","GABRIELA MISTRAL","BAJO NIVEL DE POBREZA",28,37,76,"70% - 79%"
"ARECIBO","CAMUY","LARES","GABRIELA MISTRAL","FEMENINO",19,23,83,"80% - 100%"
"ARECIBO","CAMUY","LARES","GABRIELA MISTRAL","MASCULINO",14,21,67,"60% - 69%"
"ARECIBO","CAMUY","LARES","DOMINGO APONTE COLLAZO","TODOS",170,288,59,"50% - 59%"
"ARECIBO","CAMUY","LARES","DOMINGO APONTE COLLAZO","IMPEDIDOS",13,41,32,"< 50%"
"ARECIBO","CAMUY","LARES","DOMINGO APONTE COLLAZO","BAJO NIVEL DE POBREZA",107,199,54,"50% - 59%"
"ARECIBO","CAMUY","LARES","DOMINGO APONTE COLLAZO","FEMENINO",97,146,66,"60% - 69%"
"ARECIBO","CAMUY","LARES","DOMINGO APONTE COLLAZO","MASCULINO",73,142,51,"50% - 59%"
"ARECIBO","MANATÍ","MANATÍ","FERNANDO CALLEJO","TODOS",123,191,64,"60% - 69%"
"ARECIBO","MANATÍ","MANATÍ","FERNANDO CALLEJO","IMPEDIDOS",20,28,71,"70% - 79%"
"ARECIBO","MANATÍ","MANATÍ","FERNANDO CALLEJO","BAJO NIVEL DE POBREZA",94,150,63,"60% - 69%"
"ARECIBO","MANATÍ","MANATÍ","FERNANDO CALLEJO","FEMENINO",63,105,60,"60% - 69%"
"ARECIBO","MANATÍ","MANATÍ","FERNANDO CALLEJO","MASCULINO",60,86,70,"70% - 79%"
"BAYAMÓN","OROCOVIS","MOROVIS","JAIME A. COLLAZO DEL RÍO","TODOS",192,256,75,"70% - 79%"
"BAYAMÓN","OROCOVIS","MOROVIS","JAIME A. COLLAZO DEL RÍO","IMPEDIDOS",31,59,53,"50% - 59%"
"BAYAMÓN","OROCOVIS","MOROVIS","JAIME A. COLLAZO DEL RÍO","BAJO NIVEL DE POBREZA",144,198,73,"70% - 79%"
"BAYAMÓN","OROCOVIS","MOROVIS","JAIME A. COLLAZO DEL RÍO","FEMENINO",101,123,82,"80% - 100%"
"BAYAMÓN","OROCOVIS","MOROVIS","JAIME A. COLLAZO DEL RÍO","MASCULINO",91,133,68,"60% - 69%"
"ARECIBO","CAMUY","QUEBRADILLAS","JUAN ALEJO ARIZMENDI","TODOS",172,207,83,"80% - 100%"
"ARECIBO","CAMUY","QUEBRADILLAS","JUAN ALEJO ARIZMENDI","IMPEDIDOS",38,53,72,"70% - 79%"
"ARECIBO","CAMUY","QUEBRADILLAS","JUAN ALEJO ARIZMENDI","BAJO NIVEL DE POBREZA",129,157,82,"80% - 100%"
"ARECIBO","CAMUY","QUEBRADILLAS","JUAN ALEJO ARIZMENDI","FEMENINO",90,107,84,"80% - 100%"
"ARECIBO","CAMUY","QUEBRADILLAS","JUAN ALEJO ARIZMENDI","MASCULINO",82,100,82,"80% - 100%"
"PONCE","UTUADO","UTUADO","JOSÉ VIZCARRONDO ","TODOS",32,38,84,"80% - 100%"
"PONCE","UTUADO","UTUADO","JOSÉ VIZCARRONDO ","IMPEDIDOS",3,4,75,"70% - 79%"
"PONCE","UTUADO","UTUADO","JOSÉ VIZCARRONDO ","BAJO NIVEL DE POBREZA",23,28,82,"80% - 100%"
"PONCE","UTUADO","UTUADO","JOSÉ VIZCARRONDO ","FEMENINO",13,17,76,"70% - 79%"
"PONCE","UTUADO","UTUADO","JOSÉ VIZCARRONDO ","MASCULINO",19,21,90,"80% - 100%"
"PONCE","UTUADO","UTUADO","LUIS MUÑOZ RIVERA","TODOS",98,173,57,"50% - 59%"
"PONCE","UTUADO","UTUADO","LUIS MUÑOZ RIVERA","IMPEDIDOS",4,15,27,"< 50%"
"PONCE","UTUADO","UTUADO","LUIS MUÑOZ RIVERA","BAJO NIVEL DE POBREZA",51,108,47,"< 50%"
"PONCE","UTUADO","UTUADO","LUIS MUÑOZ RIVERA","FEMENINO",52,78,67,"60% - 69%"
"PONCE","UTUADO","UTUADO","LUIS MUÑOZ RIVERA","MASCULINO",46,95,48,"< 50%"
"ARECIBO","VEGA ALTA","VEGA BAJA","NUEVA BRÍGIDA ÁLVAREZ (ESPECIALIZADA)","TODOS",56,58,97,"80% - 100%"
"ARECIBO","VEGA ALTA","VEGA BAJA","NUEVA BRÍGIDA ÁLVAREZ (ESPECIALIZADA)","BAJO NIVEL DE POBREZA",16,17,94,"80% - 100%"
"ARECIBO","VEGA ALTA","VEGA BAJA","NUEVA BRÍGIDA ÁLVAREZ (ESPECIALIZADA)","FEMENINO",36,37,97,"80% - 100%"
"ARECIBO","VEGA ALTA","VEGA BAJA","NUEVA BRÍGIDA ÁLVAREZ (ESPECIALIZADA)","MASCULINO",20,21,95,"80% - 100%"
"ARECIBO","ARECIBO","ARECIBO I","TRINA PADILLA DE SANZ","TODOS",51,117,44,"< 50%"
"ARECIBO","ARECIBO","ARECIBO I","TRINA PADILLA DE SANZ","IMPEDIDOS",13,35,37,"< 50%"
"ARECIBO","ARECIBO","ARECIBO I","TRINA PADILLA DE SANZ","BAJO NIVEL DE POBREZA",32,82,39,"< 50%"
"ARECIBO","ARECIBO","ARECIBO I","TRINA PADILLA DE SANZ","FEMENINO",21,53,40,"< 50%"
"ARECIBO","ARECIBO","ARECIBO I","TRINA PADILLA DE SANZ","MASCULINO",30,64,47,"< 50%"
"BAYAMÓN","OROCOVIS","OROCOVIS","SUPERIOR ALBERTO MELÉNDEZ TORRES","TODOS",140,170,82,"80% - 100%"
"BAYAMÓN","OROCOVIS","OROCOVIS","SUPERIOR ALBERTO MELÉNDEZ TORRES","IMPEDIDOS",20,31,65,"60% - 69%"
"BAYAMÓN","OROCOVIS","OROCOVIS","SUPERIOR ALBERTO MELÉNDEZ TORRES","BAJO NIVEL DE POBREZA",96,119,81,"80% - 100%"
"BAYAMÓN","OROCOVIS","OROCOVIS","SUPERIOR ALBERTO MELÉNDEZ TORRES","FEMENINO",60,73,82,"80% - 100%"
"BAYAMÓN","OROCOVIS","OROCOVIS","SUPERIOR ALBERTO MELÉNDEZ TORRES","MASCULINO",80,97,82,"80% - 100%"
"BAYAMÓN","OROCOVIS","OROCOVIS","JOSÉ ROJAS CORTÉS","TODOS",114,145,79,"70% - 79%"
"BAYAMÓN","OROCOVIS","OROCOVIS","JOSÉ ROJAS CORTÉS","IMPEDIDOS",20,29,69,"60% - 69%"
"BAYAMÓN","OROCOVIS","OROCOVIS","JOSÉ ROJAS CORTÉS","BAJO NIVEL DE POBREZA",88,114,77,"70% - 79%"
"BAYAMÓN","OROCOVIS","OROCOVIS","JOSÉ ROJAS CORTÉS","FEMENINO",71,87,82,"80% - 100%"
"BAYAMÓN","OROCOVIS","OROCOVIS","JOSÉ ROJAS CORTÉS","MASCULINO",43,58,74,"70% - 79%"
"MAYAGÜEZ","SAN SEBASTIÁN","ISABELA","FRANCISCO MENDOZA","TODOS",135,243,56,"50% - 59%"
"MAYAGÜEZ","SAN SEBASTIÁN","ISABELA","FRANCISCO MENDOZA","IMPEDIDOS",29,69,42,"< 50%"
"MAYAGÜEZ","SAN SEBASTIÁN","ISABELA","FRANCISCO MENDOZA","BAJO NIVEL DE POBREZA",94,180,52,"50% - 59%"
"MAYAGÜEZ","SAN SEBASTIÁN","ISABELA","FRANCISCO MENDOZA","FEMENINO",69,113,61,"60% - 69%"
"MAYAGÜEZ","SAN SEBASTIÁN","ISABELA","FRANCISCO MENDOZA","MASCULINO",66,130,51,"50% - 59%"
"ARECIBO","ARECIBO","ARECIBO II","ABELARDO MARTÍNEZ OTERO","TODOS",148,162,91,"80% - 100%"
"ARECIBO","ARECIBO","ARECIBO II","ABELARDO MARTÍNEZ OTERO","IMPEDIDOS",16,16,100,"80% - 100%"
"ARECIBO","ARECIBO","ARECIBO II","ABELARDO MARTÍNEZ OTERO","BAJO NIVEL DE POBREZA",84,92,91,"80% - 100%"
"ARECIBO","ARECIBO","ARECIBO II","ABELARDO MARTÍNEZ OTERO","FEMENINO",97,107,91,"80% - 100%"
"ARECIBO","ARECIBO","ARECIBO II","ABELARDO MARTÍNEZ OTERO","MASCULINO",51,55,93,"80% - 100%"
"MAYAGÜEZ","SAN SEBASTIÁN","ISABELA","DR. HERIBERTO DOMENECH","TODOS",157,210,75,"70% - 79%"
"MAYAGÜEZ","SAN SEBASTIÁN","ISABELA","DR. HERIBERTO DOMENECH","IMPEDIDOS",11,21,52,"50% - 59%"
"MAYAGÜEZ","SAN SEBASTIÁN","ISABELA","DR. HERIBERTO DOMENECH","BAJO NIVEL DE POBREZA",91,125,73,"70% - 79%"
"MAYAGÜEZ","SAN SEBASTIÁN","ISABELA","DR. HERIBERTO DOMENECH","FEMENINO",90,120,75,"70% - 79%"
"MAYAGÜEZ","SAN SEBASTIÁN","ISABELA","DR. HERIBERTO DOMENECH","MASCULINO",67,90,74,"70% - 79%"
"ARECIBO","MANATÍ","CIALES","JUAN ANTONIO CORRETJER","TODOS",159,246,65,"60% - 69%"
"ARECIBO","MANATÍ","CIALES","JUAN ANTONIO CORRETJER","IMPEDIDOS",20,46,43,"< 50%"
"ARECIBO","MANATÍ","CIALES","JUAN ANTONIO CORRETJER","BAJO NIVEL DE POBREZA",109,180,61,"60% - 69%"
"ARECIBO","MANATÍ","CIALES","JUAN ANTONIO CORRETJER","FEMENINO",92,124,74,"70% - 79%"
"ARECIBO","MANATÍ","CIALES","JUAN ANTONIO CORRETJER","MASCULINO",67,122,55,"50% - 59%"
"ARECIBO","CAMUY","CAMUY","SUPERIOR MIGUEL F. SANTIAGO ECHEGARAY","TODOS",95,126,75,"70% - 79%"
"ARECIBO","CAMUY","CAMUY","SUPERIOR MIGUEL F. SANTIAGO ECHEGARAY","IMPEDIDOS",8,15,53,"50% - 59%"
"ARECIBO","CAMUY","CAMUY","SUPERIOR MIGUEL F. SANTIAGO ECHEGARAY","BAJO NIVEL DE POBREZA",67,96,70,"70% - 79%"
"ARECIBO","CAMUY","CAMUY","SUPERIOR MIGUEL F. SANTIAGO ECHEGARAY","FEMENINO",44,58,76,"70% - 79%"
"ARECIBO","CAMUY","CAMUY","SUPERIOR MIGUEL F. SANTIAGO ECHEGARAY","MASCULINO",51,68,75,"70% - 79%"
"ARECIBO","MANATÍ","MANATÍ","PETRA CORRETJER DE O'NEILL","TODOS",172,279,62,"60% - 69%"
"ARECIBO","MANATÍ","MANATÍ","PETRA CORRETJER DE O'NEILL","IMPEDIDOS",13,32,41,"< 50%"
"ARECIBO","MANATÍ","MANATÍ","PETRA CORRETJER DE O'NEILL","BAJO NIVEL DE POBREZA",103,172,60,"60% - 69%"
"ARECIBO","MANATÍ","MANATÍ","PETRA CORRETJER DE O'NEILL","FEMENINO",75,121,62,"60% - 69%"
"ARECIBO","MANATÍ","MANATÍ","PETRA CORRETJER DE O'NEILL","MASCULINO",97,158,61,"60% - 69%"
"ARECIBO","CAMUY","QUEBRADILLAS","MANUEL RAMOS HERNÁNDEZ","TODOS",183,206,89,"80% - 100%"
"ARECIBO","CAMUY","QUEBRADILLAS","MANUEL RAMOS HERNÁNDEZ","IMPEDIDOS",24,30,80,"80% - 100%"
"ARECIBO","CAMUY","QUEBRADILLAS","MANUEL RAMOS HERNÁNDEZ","BAJO NIVEL DE POBREZA",132,150,88,"80% - 100%"
"ARECIBO","CAMUY","QUEBRADILLAS","MANUEL RAMOS HERNÁNDEZ","FEMENINO",102,108,94,"80% - 100%"
"ARECIBO","CAMUY","QUEBRADILLAS","MANUEL RAMOS HERNÁNDEZ","MASCULINO",81,98,83,"80% - 100%"
"ARECIBO","CAMUY","CAMUY","LUIS F. CRESPO (SUP. NUEVA)","TODOS",195,270,72,"70% - 79%"
"ARECIBO","CAMUY","CAMUY","LUIS F. CRESPO (SUP. NUEVA)","IMPEDIDOS",29,55,53,"50% - 59%"
"ARECIBO","CAMUY","CAMUY","LUIS F. CRESPO (SUP. NUEVA)","BAJO NIVEL DE POBREZA",125,191,65,"60% - 69%"
"ARECIBO","CAMUY","CAMUY","LUIS F. CRESPO (SUP. NUEVA)","FEMENINO",99,123,80,"80% - 100%"
"ARECIBO","CAMUY","CAMUY","LUIS F. CRESPO (SUP. NUEVA)","MASCULINO",96,147,65,"60% - 69%"
"ARECIBO","ARECIBO","ARECIBO I","SUPERIOR VOC.NUEVA (ANTONIO LUCHETTI)","TODOS",370,412,90,"80% - 100%"
"ARECIBO","ARECIBO","ARECIBO I","SUPERIOR VOC.NUEVA (ANTONIO LUCHETTI)","IMPEDIDOS",49,57,86,"80% - 100%"
"ARECIBO","ARECIBO","ARECIBO I","SUPERIOR VOC.NUEVA (ANTONIO LUCHETTI)","BAJO NIVEL DE POBREZA",246,274,90,"80% - 100%"
"ARECIBO","ARECIBO","ARECIBO I","SUPERIOR VOC.NUEVA (ANTONIO LUCHETTI)","FEMENINO",161,179,90,"80% - 100%"
"ARECIBO","ARECIBO","ARECIBO I","SUPERIOR VOC.NUEVA (ANTONIO LUCHETTI)","MASCULINO",209,233,90,"80% - 100%"
"ARECIBO","ARECIBO","HATILLO","PADRE ANÍBAL REYES BELÉN (SUP NUEVA)","TODOS",208,273,76,"70% - 79%"
"ARECIBO","ARECIBO","HATILLO","PADRE ANÍBAL REYES BELÉN (SUP NUEVA)","IMPEDIDOS",34,56,61,"60% - 69%"
"ARECIBO","ARECIBO","HATILLO","PADRE ANÍBAL REYES BELÉN (SUP NUEVA)","BAJO NIVEL DE POBREZA",122,171,71,"70% - 79%"
"ARECIBO","ARECIBO","HATILLO","PADRE ANÍBAL REYES BELÉN (SUP NUEVA)","FEMENINO",102,120,85,"80% - 100%"
"ARECIBO","ARECIBO","HATILLO","PADRE ANÍBAL REYES BELÉN (SUP NUEVA)","MASCULINO",106,153,69,"60% - 69%"
"PONCE","UTUADO","UTUADO","NUEVA SUPERIOR VOCACIONAL","TODOS",158,223,71,"70% - 79%"
"PONCE","UTUADO","UTUADO","NUEVA SUPERIOR VOCACIONAL","IMPEDIDOS",26,42,62,"60% - 69%"
"PONCE","UTUADO","UTUADO","NUEVA SUPERIOR VOCACIONAL","BAJO NIVEL DE POBREZA",112,169,66,"60% - 69%"
"PONCE","UTUADO","UTUADO","NUEVA SUPERIOR VOCACIONAL","FEMENINO",83,112,74,"70% - 79%"
"PONCE","UTUADO","UTUADO","NUEVA SUPERIOR VOCACIONAL","MASCULINO",75,111,68,"60% - 69%"
"ARECIBO","ARECIBO","ARECIBO II","SUPERIOR MARÍA CADILLA DE HERNÁNDEZ","TODOS",150,226,66,"60% - 69%"
"ARECIBO","ARECIBO","ARECIBO II","SUPERIOR MARÍA CADILLA DE HERNÁNDEZ","IMPEDIDOS",34,67,51,"50% - 59%"
"ARECIBO","ARECIBO","ARECIBO II","SUPERIOR MARÍA CADILLA DE HERNÁNDEZ","BAJO NIVEL DE POBREZA",108,165,65,"60% - 69%"
"ARECIBO","ARECIBO","ARECIBO II","SUPERIOR MARÍA CADILLA DE HERNÁNDEZ","FEMENINO",90,125,72,"70% - 79%"
"ARECIBO","ARECIBO","ARECIBO II","SUPERIOR MARÍA CADILLA DE HERNÁNDEZ","MASCULINO",60,101,59,"50% - 59%"
"BAYAMÓN","OROCOVIS","MOROVIS","JOSEFA DEL RÍO GUERRERO","TODOS",168,246,68,"60% - 69%"
"BAYAMÓN","OROCOVIS","MOROVIS","JOSEFA DEL RÍO GUERRERO","IMPEDIDOS",22,47,47,"< 50%"
"BAYAMÓN","OROCOVIS","MOROVIS","JOSEFA DEL RÍO GUERRERO","BAJO NIVEL DE POBREZA",106,171,62,"60% - 69%"
"BAYAMÓN","OROCOVIS","MOROVIS","JOSEFA DEL RÍO GUERRERO","FEMENINO",86,118,73,"70% - 79%"
"BAYAMÓN","OROCOVIS","MOROVIS","JOSEFA DEL RÍO GUERRERO","MASCULINO",82,128,64,"60% - 69%"
"CAGUAS","BARRANQUITAS","AIBONITO","DR. JOSÉ N. GÁNDARA","TODOS",147,189,78,"70% - 79%"
"CAGUAS","BARRANQUITAS","AIBONITO","DR. JOSÉ N. GÁNDARA","IMPEDIDOS",14,25,56,"50% - 59%"
"CAGUAS","BARRANQUITAS","AIBONITO","DR. JOSÉ N. GÁNDARA","BAJO NIVEL DE POBREZA",96,128,75,"70% - 79%"
"CAGUAS","BARRANQUITAS","AIBONITO","DR. JOSÉ N. GÁNDARA","FEMENINO",90,103,87,"80% - 100%"
"CAGUAS","BARRANQUITAS","AIBONITO","DR. JOSÉ N. GÁNDARA","MASCULINO",57,86,66,"60% - 69%"
"CAGUAS","BARRANQUITAS","BARRANQUITAS","PABLO COLÓN BERDECIA  SUP. VOC.","TODOS",189,279,68,"60% - 69%"
"CAGUAS","BARRANQUITAS","BARRANQUITAS","PABLO COLÓN BERDECIA  SUP. VOC.","IMPEDIDOS",41,78,53,"50% - 59%"
"CAGUAS","BARRANQUITAS","BARRANQUITAS","PABLO COLÓN BERDECIA  SUP. VOC.","BAJO NIVEL DE POBREZA",132,203,65,"60% - 69%"
"CAGUAS","BARRANQUITAS","BARRANQUITAS","PABLO COLÓN BERDECIA  SUP. VOC.","FEMENINO",93,125,74,"70% - 79%"
"CAGUAS","BARRANQUITAS","BARRANQUITAS","PABLO COLÓN BERDECIA  SUP. VOC.","MASCULINO",96,154,62,"60% - 69%"
"CAGUAS","GURABO","CAGUAS II","JOSÉ GAUTIER BENÍTEZ","TODOS",82,126,65,"60% - 69%"
"CAGUAS","GURABO","CAGUAS II","JOSÉ GAUTIER BENÍTEZ","IMPEDIDOS",23,35,66,"60% - 69%"
"CAGUAS","GURABO","CAGUAS II","JOSÉ GAUTIER BENÍTEZ","BAJO NIVEL DE POBREZA",59,93,63,"60% - 69%"
"CAGUAS","GURABO","CAGUAS II","JOSÉ GAUTIER BENÍTEZ","FEMENINO",45,70,64,"60% - 69%"
"CAGUAS","GURABO","CAGUAS II","JOSÉ GAUTIER BENÍTEZ","MASCULINO",37,56,66,"60% - 69%"
"CAGUAS","GURABO","CAGUAS II","DR. JUAN JOSÉ OSUNA","TODOS",155,229,68,"60% - 69%"
"CAGUAS","GURABO","CAGUAS II","DR. JUAN JOSÉ OSUNA","IMPEDIDOS",37,60,62,"60% - 69%"
"CAGUAS","GURABO","CAGUAS II","DR. JUAN JOSÉ OSUNA","BAJO NIVEL DE POBREZA",127,189,67,"60% - 69%"
"CAGUAS","GURABO","CAGUAS II","DR. JUAN JOSÉ OSUNA","FEMENINO",72,106,68,"60% - 69%"
"CAGUAS","GURABO","CAGUAS II","DR. JUAN JOSÉ OSUNA","MASCULINO",83,123,67,"60% - 69%"
"CAGUAS","GURABO","CAGUAS I","REPÚBLICA DE COSTA RICA","TODOS",204,221,92,"80% - 100%"
"CAGUAS","GURABO","CAGUAS I","REPÚBLICA DE COSTA RICA","IMPEDIDOS",32,35,91,"80% - 100%"
"CAGUAS","GURABO","CAGUAS I","REPÚBLICA DE COSTA RICA","BAJO NIVEL DE POBREZA",138,150,92,"80% - 100%"
"CAGUAS","GURABO","CAGUAS I","REPÚBLICA DE COSTA RICA","FEMENINO",95,99,96,"80% - 100%"
"CAGUAS","GURABO","CAGUAS I","REPÚBLICA DE COSTA RICA","MASCULINO",109,122,89,"80% - 100%"
"CAGUAS","GURABO","CAGUAS I","MANUELA TORO MORICE","TODOS",261,373,70,"70% - 79%"
"CAGUAS","GURABO","CAGUAS I","MANUELA TORO MORICE","IMPEDIDOS",39,67,58,"50% - 59%"
"CAGUAS","GURABO","CAGUAS I","MANUELA TORO MORICE","BAJO NIVEL DE POBREZA",178,261,68,"60% - 69%"
"CAGUAS","GURABO","CAGUAS I","MANUELA TORO MORICE","FEMENINO",158,211,75,"70% - 79%"
"CAGUAS","GURABO","CAGUAS I","MANUELA TORO MORICE","MASCULINO",103,162,64,"60% - 69%"
"CAGUAS","CIDRA","CAYEY","BENJAMÍN HARRISON","TODOS",220,259,85,"80% - 100%"
"CAGUAS","CIDRA","CAYEY","BENJAMÍN HARRISON","IMPEDIDOS",58,66,88,"80% - 100%"
"CAGUAS","CIDRA","CAYEY","BENJAMÍN HARRISON","BAJO NIVEL DE POBREZA",154,185,83,"80% - 100%"
"CAGUAS","CIDRA","CAYEY","BENJAMÍN HARRISON","FEMENINO",97,117,83,"80% - 100%"
"CAGUAS","CIDRA","CAYEY","BENJAMÍN HARRISON","MASCULINO",123,142,87,"80% - 100%"
"CAGUAS","CIDRA","CIDRA","EDUCACIÓN BILINGUE LUIS MUÑOZ IGLESIAS","TODOS",22,22,100,"80% - 100%"
"CAGUAS","CIDRA","CIDRA","EDUCACIÓN BILINGUE LUIS MUÑOZ IGLESIAS","IMPEDIDOS",2,2,100,"80% - 100%"
"CAGUAS","CIDRA","CIDRA","EDUCACIÓN BILINGUE LUIS MUÑOZ IGLESIAS","BAJO NIVEL DE POBREZA",8,8,100,"80% - 100%"
"CAGUAS","CIDRA","CIDRA","EDUCACIÓN BILINGUE LUIS MUÑOZ IGLESIAS","FEMENINO",13,13,100,"80% - 100%"
"CAGUAS","CIDRA","CIDRA","EDUCACIÓN BILINGUE LUIS MUÑOZ IGLESIAS","MASCULINO",9,9,100,"80% - 100%"
"CAGUAS","BARRANQUITAS","COMERÍO","JUANA COLÓN","TODOS",132,184,72,"70% - 79%"
"CAGUAS","BARRANQUITAS","COMERÍO","JUANA COLÓN","IMPEDIDOS",23,33,70,"70% - 79%"
"CAGUAS","BARRANQUITAS","COMERÍO","JUANA COLÓN","BAJO NIVEL DE POBREZA",107,150,71,"70% - 79%"
"CAGUAS","BARRANQUITAS","COMERÍO","JUANA COLÓN","FEMENINO",74,97,76,"70% - 79%"
"CAGUAS","BARRANQUITAS","COMERÍO","JUANA COLÓN","MASCULINO",58,87,67,"60% - 69%"
"HUMACAO","YABUCOA","SAN LORENZO","JOSÉ CAMPECHE","TODOS",166,222,75,"70% - 79%"
"HUMACAO","YABUCOA","SAN LORENZO","JOSÉ CAMPECHE","IMPEDIDOS",22,33,67,"60% - 69%"
"HUMACAO","YABUCOA","SAN LORENZO","JOSÉ CAMPECHE","BAJO NIVEL DE POBREZA",111,155,72,"70% - 79%"
"HUMACAO","YABUCOA","SAN LORENZO","JOSÉ CAMPECHE","FEMENINO",94,116,81,"80% - 100%"
"HUMACAO","YABUCOA","SAN LORENZO","JOSÉ CAMPECHE","MASCULINO",72,106,68,"60% - 69%"
"CAGUAS","CIDRA","CAYEY","SUPERIOR MIGUEL MELÉNDEZ MUÑOZ","TODOS",219,306,72,"70% - 79%"
"CAGUAS","CIDRA","CAYEY","SUPERIOR MIGUEL MELÉNDEZ MUÑOZ","IMPEDIDOS",46,80,57,"50% - 59%"
"CAGUAS","CIDRA","CAYEY","SUPERIOR MIGUEL MELÉNDEZ MUÑOZ","BAJO NIVEL DE POBREZA",115,180,64,"60% - 69%"
"CAGUAS","CIDRA","CAYEY","SUPERIOR MIGUEL MELÉNDEZ MUÑOZ","FEMENINO",126,159,79,"70% - 79%"
"CAGUAS","CIDRA","CAYEY","SUPERIOR MIGUEL MELÉNDEZ MUÑOZ","MASCULINO",93,147,63,"60% - 69%"
"CAGUAS","GUAYAMA","GUAYAMA","RAFAEL LÓPEZ LANDRÓN","TODOS",140,195,72,"70% - 79%"
"CAGUAS","GUAYAMA","GUAYAMA","RAFAEL LÓPEZ LANDRÓN","IMPEDIDOS",20,32,62,"60% - 69%"
"CAGUAS","GUAYAMA","GUAYAMA","RAFAEL LÓPEZ LANDRÓN","BAJO NIVEL DE POBREZA",98,135,73,"70% - 79%"
"CAGUAS","GUAYAMA","GUAYAMA","RAFAEL LÓPEZ LANDRÓN","FEMENINO",82,108,76,"70% - 79%"
"CAGUAS","GUAYAMA","GUAYAMA","RAFAEL LÓPEZ LANDRÓN","MASCULINO",58,87,67,"60% - 69%"
"CAGUAS","GURABO","CAGUAS I","ELOISA PASCUAL","TODOS",158,221,71,"70% - 79%"
"CAGUAS","GURABO","CAGUAS I","ELOISA PASCUAL","IMPEDIDOS",26,44,59,"50% - 59%"
"CAGUAS","GURABO","CAGUAS I","ELOISA PASCUAL","BAJO NIVEL DE POBREZA",89,134,66,"60% - 69%"
"CAGUAS","GURABO","CAGUAS I","ELOISA PASCUAL","FEMENINO",91,117,78,"70% - 79%"
"CAGUAS","GURABO","CAGUAS I","ELOISA PASCUAL","MASCULINO",67,104,64,"60% - 69%"
"HUMACAO","YABUCOA","SAN LORENZO","MARÍA CRUZ BUITRAGO","TODOS",53,79,67,"60% - 69%"
"HUMACAO","YABUCOA","SAN LORENZO","MARÍA CRUZ BUITRAGO","IMPEDIDOS",7,14,50,"50% - 59%"
"HUMACAO","YABUCOA","SAN LORENZO","MARÍA CRUZ BUITRAGO","BAJO NIVEL DE POBREZA",41,64,64,"60% - 69%"
"HUMACAO","YABUCOA","SAN LORENZO","MARÍA CRUZ BUITRAGO","FEMENINO",30,40,75,"70% - 79%"
"HUMACAO","YABUCOA","SAN LORENZO","MARÍA CRUZ BUITRAGO","MASCULINO",23,39,59,"50% - 59%"
"CAGUAS","CIDRA","CIDRA","ANA J. CANDELAS","TODOS",183,252,73,"70% - 79%"
"CAGUAS","CIDRA","CIDRA","ANA J. CANDELAS","IMPEDIDOS",35,60,58,"50% - 59%"
"CAGUAS","CIDRA","CIDRA","ANA J. CANDELAS","BAJO NIVEL DE POBREZA",95,141,67,"60% - 69%"
"CAGUAS","CIDRA","CIDRA","ANA J. CANDELAS","FEMENINO",107,135,79,"70% - 79%"
"CAGUAS","CIDRA","CIDRA","ANA J. CANDELAS","MASCULINO",76,117,65,"60% - 69%"
"CAGUAS","BARRANQUITAS","BARRANQUITAS","LUIS MUÑOZ MARÍN","TODOS",222,286,78,"70% - 79%"
"CAGUAS","BARRANQUITAS","BARRANQUITAS","LUIS MUÑOZ MARÍN","IMPEDIDOS",23,42,55,"50% - 59%"
"CAGUAS","BARRANQUITAS","BARRANQUITAS","LUIS MUÑOZ MARÍN","BAJO NIVEL DE POBREZA",141,189,75,"70% - 79%"
"CAGUAS","BARRANQUITAS","BARRANQUITAS","LUIS MUÑOZ MARÍN","FEMENINO",114,143,80,"80% - 100%"
"CAGUAS","BARRANQUITAS","BARRANQUITAS","LUIS MUÑOZ MARÍN","MASCULINO",108,143,76,"70% - 79%"
"CAGUAS","GUAYAMA","GUAYAMA","ADELA BRENES TEXIDOR","TODOS",71,99,72,"70% - 79%"
"CAGUAS","GUAYAMA","GUAYAMA","ADELA BRENES TEXIDOR","IMPEDIDOS",8,13,62,"60% - 69%"
"CAGUAS","GUAYAMA","GUAYAMA","ADELA BRENES TEXIDOR","BAJO NIVEL DE POBREZA",52,73,71,"70% - 79%"
"CAGUAS","GUAYAMA","GUAYAMA","ADELA BRENES TEXIDOR","FEMENINO",37,49,76,"70% - 79%"
"CAGUAS","GUAYAMA","GUAYAMA","ADELA BRENES TEXIDOR","MASCULINO",34,50,68,"60% - 69%"
"CAGUAS","GURABO","GURABO","DRA. CONCHITA CUEVAS","TODOS",190,249,76,"70% - 79%"
"CAGUAS","GURABO","GURABO","DRA. CONCHITA CUEVAS","IMPEDIDOS",39,50,78,"70% - 79%"
"CAGUAS","GURABO","GURABO","DRA. CONCHITA CUEVAS","BAJO NIVEL DE POBREZA",112,146,77,"70% - 79%"
"CAGUAS","GURABO","GURABO","DRA. CONCHITA CUEVAS","FEMENINO",110,143,77,"70% - 79%"
"CAGUAS","GURABO","GURABO","DRA. CONCHITA CUEVAS","MASCULINO",80,106,75,"70% - 79%"
"CAGUAS","CIDRA","CIDRA","SUPERIOR VOCACIONAL","TODOS",189,213,89,"80% - 100%"
"CAGUAS","CIDRA","CIDRA","SUPERIOR VOCACIONAL","IMPEDIDOS",29,31,94,"80% - 100%"
"CAGUAS","CIDRA","CIDRA","SUPERIOR VOCACIONAL","BAJO NIVEL DE POBREZA",115,134,86,"80% - 100%"
"CAGUAS","CIDRA","CIDRA","SUPERIOR VOCACIONAL","FEMENINO",103,113,91,"80% - 100%"
"CAGUAS","CIDRA","CIDRA","SUPERIOR VOCACIONAL","MASCULINO",86,100,86,"80% - 100%"
"CAGUAS","BARRANQUITAS","AIBONITO","BONIFACIO SÁNCHEZ (GÁNDARA)","TODOS",98,139,71,"70% - 79%"
"CAGUAS","BARRANQUITAS","AIBONITO","BONIFACIO SÁNCHEZ (GÁNDARA)","IMPEDIDOS",12,21,57,"50% - 59%"
"CAGUAS","BARRANQUITAS","AIBONITO","BONIFACIO SÁNCHEZ (GÁNDARA)","BAJO NIVEL DE POBREZA",48,81,59,"50% - 59%"
"CAGUAS","BARRANQUITAS","AIBONITO","BONIFACIO SÁNCHEZ (GÁNDARA)","FEMENINO",39,55,71,"70% - 79%"
"CAGUAS","BARRANQUITAS","AIBONITO","BONIFACIO SÁNCHEZ (GÁNDARA)","MASCULINO",59,84,70,"70% - 79%"
"CAGUAS","GUAYAMA","SALINAS","SUPERIOR URBANA","TODOS",89,134,66,"60% - 69%"
"CAGUAS","GUAYAMA","SALINAS","SUPERIOR URBANA","IMPEDIDOS",14,24,58,"50% - 59%"
"CAGUAS","GUAYAMA","SALINAS","SUPERIOR URBANA","BAJO NIVEL DE POBREZA",55,93,59,"50% - 59%"
"CAGUAS","GUAYAMA","SALINAS","SUPERIOR URBANA","FEMENINO",52,72,72,"70% - 79%"
"CAGUAS","GUAYAMA","SALINAS","SUPERIOR URBANA","MASCULINO",37,62,60,"60% - 69%"
"HUMACAO","YABUCOA","SAN LORENZO","ANTONIO FERNÓSS ISERN","TODOS",176,192,92,"80% - 100%"
"HUMACAO","YABUCOA","SAN LORENZO","ANTONIO FERNÓSS ISERN","IMPEDIDOS",11,12,92,"80% - 100%"
"HUMACAO","YABUCOA","SAN LORENZO","ANTONIO FERNÓSS ISERN","BAJO NIVEL DE POBREZA",87,95,92,"80% - 100%"
"HUMACAO","YABUCOA","SAN LORENZO","ANTONIO FERNÓSS ISERN","FEMENINO",102,110,93,"80% - 100%"
"HUMACAO","YABUCOA","SAN LORENZO","ANTONIO FERNÓSS ISERN","MASCULINO",74,82,90,"80% - 100%"
"CAGUAS","BARRANQUITAS","COMERÍO","SUPERIOR VOCACIONAL NUEVA","TODOS",58,68,85,"80% - 100%"
"CAGUAS","BARRANQUITAS","COMERÍO","SUPERIOR VOCACIONAL NUEVA","IMPEDIDOS",13,18,72,"70% - 79%"
"CAGUAS","BARRANQUITAS","COMERÍO","SUPERIOR VOCACIONAL NUEVA","BAJO NIVEL DE POBREZA",46,56,82,"80% - 100%"
"CAGUAS","BARRANQUITAS","COMERÍO","SUPERIOR VOCACIONAL NUEVA","FEMENINO",35,40,87,"80% - 100%"
"CAGUAS","BARRANQUITAS","COMERÍO","SUPERIOR VOCACIONAL NUEVA","MASCULINO",23,28,82,"80% - 100%"
"CAGUAS","GUAYAMA","GUAYAMA","DRA. MARÍA SOCORRO LACOT","TODOS",176,219,80,"80% - 100%"
"CAGUAS","GUAYAMA","GUAYAMA","DRA. MARÍA SOCORRO LACOT","IMPEDIDOS",21,34,62,"60% - 69%"
"CAGUAS","GUAYAMA","GUAYAMA","DRA. MARÍA SOCORRO LACOT","BAJO NIVEL DE POBREZA",102,130,78,"70% - 79%"
"CAGUAS","GUAYAMA","GUAYAMA","DRA. MARÍA SOCORRO LACOT","FEMENINO",102,116,88,"80% - 100%"
"CAGUAS","GUAYAMA","GUAYAMA","DRA. MARÍA SOCORRO LACOT","MASCULINO",74,103,72,"70% - 79%"
"CAGUAS","CIDRA","AGUAS BUENAS","SUPERIOR URBANA DE AGUAS BUENAS","TODOS",217,290,75,"70% - 79%"
"CAGUAS","CIDRA","AGUAS BUENAS","SUPERIOR URBANA DE AGUAS BUENAS","IMPEDIDOS",52,77,68,"60% - 69%"
"CAGUAS","CIDRA","AGUAS BUENAS","SUPERIOR URBANA DE AGUAS BUENAS","BAJO NIVEL DE POBREZA",139,187,74,"70% - 79%"
"CAGUAS","CIDRA","AGUAS BUENAS","SUPERIOR URBANA DE AGUAS BUENAS","FEMENINO",117,135,87,"80% - 100%"
"CAGUAS","CIDRA","AGUAS BUENAS","SUPERIOR URBANA DE AGUAS BUENAS","MASCULINO",100,155,65,"60% - 69%"
"HUMACAO","FAJARDO","CEIBA","SANTIAGO IGLESIAS PANTÍN","TODOS",64,107,60,"60% - 69%"
"HUMACAO","FAJARDO","CEIBA","SANTIAGO IGLESIAS PANTÍN","IMPEDIDOS",5,20,25,"< 50%"
"HUMACAO","FAJARDO","CEIBA","SANTIAGO IGLESIAS PANTÍN","BAJO NIVEL DE POBREZA",36,62,58,"50% - 59%"
"HUMACAO","FAJARDO","CEIBA","SANTIAGO IGLESIAS PANTÍN","FEMENINO",28,51,55,"50% - 59%"
"HUMACAO","FAJARDO","CEIBA","SANTIAGO IGLESIAS PANTÍN","MASCULINO",36,56,64,"60% - 69%"
"HUMACAO","FAJARDO","FAJARDO","SUPERIOR DR. SANTIAGO VEVE CALZADA","TODOS",125,217,58,"50% - 59%"
"HUMACAO","FAJARDO","FAJARDO","SUPERIOR DR. SANTIAGO VEVE CALZADA","IMPEDIDOS",10,24,42,"< 50%"
"HUMACAO","FAJARDO","FAJARDO","SUPERIOR DR. SANTIAGO VEVE CALZADA","BAJO NIVEL DE POBREZA",94,162,58,"50% - 59%"
"HUMACAO","FAJARDO","FAJARDO","SUPERIOR DR. SANTIAGO VEVE CALZADA","FEMENINO",75,117,64,"60% - 69%"
"HUMACAO","FAJARDO","FAJARDO","SUPERIOR DR. SANTIAGO VEVE CALZADA","MASCULINO",50,100,50,"50% - 59%"
"HUMACAO","LAS PIEDRAS","HUMACAO","ANA ROQUE DE DUPREY","TODOS",76,108,70,"70% - 79%"
"HUMACAO","LAS PIEDRAS","HUMACAO","ANA ROQUE DE DUPREY","IMPEDIDOS",8,12,67,"60% - 69%"
"HUMACAO","LAS PIEDRAS","HUMACAO","ANA ROQUE DE DUPREY","BAJO NIVEL DE POBREZA",47,75,63,"60% - 69%"
"HUMACAO","LAS PIEDRAS","HUMACAO","ANA ROQUE DE DUPREY","FEMENINO",37,61,61,"60% - 69%"
"HUMACAO","LAS PIEDRAS","HUMACAO","ANA ROQUE DE DUPREY","MASCULINO",39,47,83,"80% - 100%"
"HUMACAO","LAS PIEDRAS","LAS PIEDRAS","RAMÓN POWER Y GIRALT","TODOS",126,176,72,"70% - 79%"
"HUMACAO","LAS PIEDRAS","LAS PIEDRAS","RAMÓN POWER Y GIRALT","IMPEDIDOS",17,30,57,"50% - 59%"
"HUMACAO","LAS PIEDRAS","LAS PIEDRAS","RAMÓN POWER Y GIRALT","BAJO NIVEL DE POBREZA",91,126,72,"70% - 79%"
"HUMACAO","LAS PIEDRAS","LAS PIEDRAS","RAMÓN POWER Y GIRALT","FEMENINO",69,93,74,"70% - 79%"
"HUMACAO","LAS PIEDRAS","LAS PIEDRAS","RAMÓN POWER Y GIRALT","MASCULINO",57,83,69,"60% - 69%"
"HUMACAO","CANÓVANAS","LOÍZA","CARLOS ESCOBAR LÓPEZ","TODOS",37,64,58,"50% - 59%"
"HUMACAO","CANÓVANAS","LOÍZA","CARLOS ESCOBAR LÓPEZ","IMPEDIDOS",3,3,100,"80% - 100%"
"HUMACAO","CANÓVANAS","LOÍZA","CARLOS ESCOBAR LÓPEZ","BAJO NIVEL DE POBREZA",32,52,62,"60% - 69%"
"HUMACAO","CANÓVANAS","LOÍZA","CARLOS ESCOBAR LÓPEZ","FEMENINO",22,35,63,"60% - 69%"
"HUMACAO","CANÓVANAS","LOÍZA","CARLOS ESCOBAR LÓPEZ","MASCULINO",15,29,52,"50% - 59%"
"HUMACAO","YABUCOA","MAUNABO","SUPERIOR ALFONSO CASTA MARTÍNEZ","TODOS",97,139,70,"70% - 79%"
"HUMACAO","YABUCOA","MAUNABO","SUPERIOR ALFONSO CASTA MARTÍNEZ","IMPEDIDOS",20,32,62,"60% - 69%"
"HUMACAO","YABUCOA","MAUNABO","SUPERIOR ALFONSO CASTA MARTÍNEZ","BAJO NIVEL DE POBREZA",79,114,69,"60% - 69%"
"HUMACAO","YABUCOA","MAUNABO","SUPERIOR ALFONSO CASTA MARTÍNEZ","FEMENINO",57,78,73,"70% - 79%"
"HUMACAO","YABUCOA","MAUNABO","SUPERIOR ALFONSO CASTA MARTÍNEZ","MASCULINO",40,61,66,"60% - 69%"
"HUMACAO","YABUCOA","YABUCOA","TEODORO AGUILAR MORA","TODOS",110,136,81,"80% - 100%"
"HUMACAO","YABUCOA","YABUCOA","TEODORO AGUILAR MORA","IMPEDIDOS",20,28,71,"70% - 79%"
"HUMACAO","YABUCOA","YABUCOA","TEODORO AGUILAR MORA","BAJO NIVEL DE POBREZA",77,95,81,"80% - 100%"
"HUMACAO","YABUCOA","YABUCOA","TEODORO AGUILAR MORA","FEMENINO",46,55,84,"80% - 100%"
"HUMACAO","YABUCOA","YABUCOA","TEODORO AGUILAR MORA","MASCULINO",64,81,79,"70% - 79%"
"HUMACAO","FAJARDO","VIEQUES","GERMAN RIECKEHOFF","TODOS",78,99,79,"70% - 79%"
"HUMACAO","FAJARDO","VIEQUES","GERMAN RIECKEHOFF","IMPEDIDOS",4,4,100,"80% - 100%"
"HUMACAO","FAJARDO","VIEQUES","GERMAN RIECKEHOFF","BAJO NIVEL DE POBREZA",44,58,76,"70% - 79%"
"HUMACAO","FAJARDO","VIEQUES","GERMAN RIECKEHOFF","FEMENINO",35,45,78,"70% - 79%"
"HUMACAO","FAJARDO","VIEQUES","GERMAN RIECKEHOFF","MASCULINO",43,54,80,"80% - 100%"
"HUMACAO","CANÓVANAS","RÍO GRANDE","PEDRO FALÚ ORELLANO","TODOS",165,235,70,"70% - 79%"
"HUMACAO","CANÓVANAS","RÍO GRANDE","PEDRO FALÚ ORELLANO","IMPEDIDOS",24,36,67,"60% - 69%"
"HUMACAO","CANÓVANAS","RÍO GRANDE","PEDRO FALÚ ORELLANO","BAJO NIVEL DE POBREZA",113,162,70,"70% - 79%"
"HUMACAO","CANÓVANAS","RÍO GRANDE","PEDRO FALÚ ORELLANO","FEMENINO",75,115,65,"60% - 69%"
"HUMACAO","CANÓVANAS","RÍO GRANDE","PEDRO FALÚ ORELLANO","MASCULINO",90,120,75,"70% - 79%"
"HUMACAO","CANÓVANAS","CANÓVANAS","LUIS HERNAIZ VERONNE","TODOS",162,250,65,"60% - 69%"
"HUMACAO","CANÓVANAS","CANÓVANAS","LUIS HERNAIZ VERONNE","IMPEDIDOS",16,30,53,"50% - 59%"
"HUMACAO","CANÓVANAS","CANÓVANAS","LUIS HERNAIZ VERONNE","BAJO NIVEL DE POBREZA",111,179,62,"60% - 69%"
"HUMACAO","CANÓVANAS","CANÓVANAS","LUIS HERNAIZ VERONNE","FEMENINO",92,128,72,"70% - 79%"
"HUMACAO","CANÓVANAS","CANÓVANAS","LUIS HERNAIZ VERONNE","MASCULINO",70,122,57,"50% - 59%"
"HUMACAO","CANÓVANAS","RÍO GRANDE","SUPERIOR CASIANO CEPEDA","TODOS",83,116,72,"70% - 79%"
"HUMACAO","CANÓVANAS","RÍO GRANDE","SUPERIOR CASIANO CEPEDA","IMPEDIDOS",6,10,60,"60% - 69%"
"HUMACAO","CANÓVANAS","RÍO GRANDE","SUPERIOR CASIANO CEPEDA","BAJO NIVEL DE POBREZA",64,95,67,"60% - 69%"
"HUMACAO","CANÓVANAS","RÍO GRANDE","SUPERIOR CASIANO CEPEDA","FEMENINO",44,59,75,"70% - 79%"
"HUMACAO","CANÓVANAS","RÍO GRANDE","SUPERIOR CASIANO CEPEDA","MASCULINO",39,57,68,"60% - 69%"
"HUMACAO","YABUCOA","YABUCOA","LUIS MUÑOZ MARÍN","TODOS",36,53,68,"60% - 69%"
"HUMACAO","YABUCOA","YABUCOA","LUIS MUÑOZ MARÍN","IMPEDIDOS",4,8,50,"50% - 59%"
"HUMACAO","YABUCOA","YABUCOA","LUIS MUÑOZ MARÍN","BAJO NIVEL DE POBREZA",28,43,65,"60% - 69%"
"HUMACAO","YABUCOA","YABUCOA","LUIS MUÑOZ MARÍN","FEMENINO",18,26,69,"60% - 69%"
"HUMACAO","YABUCOA","YABUCOA","LUIS MUÑOZ MARÍN","MASCULINO",18,27,67,"60% - 69%"
"HUMACAO","LAS PIEDRAS","JUNCOS","ISABEL FLORES","TODOS",88,151,58,"50% - 59%"
"HUMACAO","LAS PIEDRAS","JUNCOS","ISABEL FLORES","IMPEDIDOS",17,36,47,"< 50%"
"HUMACAO","LAS PIEDRAS","JUNCOS","ISABEL FLORES","BAJO NIVEL DE POBREZA",69,117,59,"50% - 59%"
"HUMACAO","LAS PIEDRAS","JUNCOS","ISABEL FLORES","FEMENINO",52,83,63,"60% - 69%"
"HUMACAO","LAS PIEDRAS","JUNCOS","ISABEL FLORES","MASCULINO",36,68,53,"50% - 59%"
"HUMACAO","LAS PIEDRAS","JUNCOS","JOSÉ COLLAZO COLÓN","TODOS",204,252,81,"80% - 100%"
"HUMACAO","LAS PIEDRAS","JUNCOS","JOSÉ COLLAZO COLÓN","IMPEDIDOS",27,34,79,"70% - 79%"
"HUMACAO","LAS PIEDRAS","JUNCOS","JOSÉ COLLAZO COLÓN","BAJO NIVEL DE POBREZA",117,151,77,"70% - 79%"
"HUMACAO","LAS PIEDRAS","JUNCOS","JOSÉ COLLAZO COLÓN","FEMENINO",117,141,83,"80% - 100%"
"HUMACAO","LAS PIEDRAS","JUNCOS","JOSÉ COLLAZO COLÓN","MASCULINO",87,111,78,"70% - 79%"
"HUMACAO","LAS PIEDRAS","HUMACAO","PETRA MERCADO","TODOS",205,271,76,"70% - 79%"
"HUMACAO","LAS PIEDRAS","HUMACAO","PETRA MERCADO","IMPEDIDOS",19,31,61,"60% - 69%"
"HUMACAO","LAS PIEDRAS","HUMACAO","PETRA MERCADO","BAJO NIVEL DE POBREZA",113,159,71,"70% - 79%"
"HUMACAO","LAS PIEDRAS","HUMACAO","PETRA MERCADO","FEMENINO",116,150,77,"70% - 79%"
"HUMACAO","LAS PIEDRAS","HUMACAO","PETRA MERCADO","MASCULINO",89,121,74,"70% - 79%"
"HUMACAO","CANÓVANAS","CANÓVANAS","EDUARDO GARCÍA CARRILLO","TODOS",68,100,68,"60% - 69%"
"HUMACAO","CANÓVANAS","CANÓVANAS","EDUARDO GARCÍA CARRILLO","IMPEDIDOS",10,14,71,"70% - 79%"
"HUMACAO","CANÓVANAS","CANÓVANAS","EDUARDO GARCÍA CARRILLO","BAJO NIVEL DE POBREZA",44,61,72,"70% - 79%"
"HUMACAO","CANÓVANAS","CANÓVANAS","EDUARDO GARCÍA CARRILLO","FEMENINO",32,43,74,"70% - 79%"
"HUMACAO","CANÓVANAS","CANÓVANAS","EDUARDO GARCÍA CARRILLO","MASCULINO",36,57,63,"60% - 69%"
"HUMACAO","CANÓVANAS","CANÓVANAS","GEORGINA BAQUERO","TODOS",43,54,80,"80% - 100%"
"HUMACAO","CANÓVANAS","CANÓVANAS","GEORGINA BAQUERO","IMPEDIDOS",6,11,55,"50% - 59%"
"HUMACAO","CANÓVANAS","CANÓVANAS","GEORGINA BAQUERO","BAJO NIVEL DE POBREZA",31,42,74,"70% - 79%"
"HUMACAO","CANÓVANAS","CANÓVANAS","GEORGINA BAQUERO","FEMENINO",23,27,85,"80% - 100%"
"HUMACAO","CANÓVANAS","CANÓVANAS","GEORGINA BAQUERO","MASCULINO",20,27,74,"70% - 79%"
"HUMACAO","LAS PIEDRAS","HUMACAO","SUPERIOR VOC. DE AREA  MANUEL MEDIAVILLA","TODOS",191,242,79,"70% - 79%"
"HUMACAO","LAS PIEDRAS","HUMACAO","SUPERIOR VOC. DE AREA  MANUEL MEDIAVILLA","IMPEDIDOS",35,45,78,"70% - 79%"
"HUMACAO","LAS PIEDRAS","HUMACAO","SUPERIOR VOC. DE AREA  MANUEL MEDIAVILLA","BAJO NIVEL DE POBREZA",123,165,75,"70% - 79%"
"HUMACAO","LAS PIEDRAS","HUMACAO","SUPERIOR VOC. DE AREA  MANUEL MEDIAVILLA","FEMENINO",105,125,84,"80% - 100%"
"HUMACAO","LAS PIEDRAS","HUMACAO","SUPERIOR VOC. DE AREA  MANUEL MEDIAVILLA","MASCULINO",86,117,74,"70% - 79%"
"HUMACAO","LAS PIEDRAS","LAS PIEDRAS","FLORENCIA GARCÍA","TODOS",181,230,79,"70% - 79%"
"HUMACAO","LAS PIEDRAS","LAS PIEDRAS","FLORENCIA GARCÍA","IMPEDIDOS",18,25,72,"70% - 79%"
"HUMACAO","LAS PIEDRAS","LAS PIEDRAS","FLORENCIA GARCÍA","BAJO NIVEL DE POBREZA",105,137,77,"70% - 79%"
"HUMACAO","LAS PIEDRAS","LAS PIEDRAS","FLORENCIA GARCÍA","FEMENINO",87,113,77,"70% - 79%"
"HUMACAO","LAS PIEDRAS","LAS PIEDRAS","FLORENCIA GARCÍA","MASCULINO",94,117,80,"80% - 100%"
"HUMACAO","CANÓVANAS","LUQUILLO","SUPERIOR  ISIDRO A. SÁNCHEZ","TODOS",205,254,81,"80% - 100%"
"HUMACAO","CANÓVANAS","LUQUILLO","SUPERIOR  ISIDRO A. SÁNCHEZ","IMPEDIDOS",16,20,80,"80% - 100%"
"HUMACAO","CANÓVANAS","LUQUILLO","SUPERIOR  ISIDRO A. SÁNCHEZ","BAJO NIVEL DE POBREZA",127,164,77,"70% - 79%"
"HUMACAO","CANÓVANAS","LUQUILLO","SUPERIOR  ISIDRO A. SÁNCHEZ","FEMENINO",126,159,79,"70% - 79%"
"HUMACAO","CANÓVANAS","LUQUILLO","SUPERIOR  ISIDRO A. SÁNCHEZ","MASCULINO",79,95,83,"80% - 100%"
"HUMACAO","FAJARDO","FAJARDO","SUPERIOR VOC. ANA DELIA FLORES","TODOS",200,256,78,"70% - 79%"
"HUMACAO","FAJARDO","FAJARDO","SUPERIOR VOC. ANA DELIA FLORES","IMPEDIDOS",20,29,69,"60% - 69%"
"HUMACAO","FAJARDO","FAJARDO","SUPERIOR VOC. ANA DELIA FLORES","BAJO NIVEL DE POBREZA",139,183,76,"70% - 79%"
"HUMACAO","FAJARDO","FAJARDO","SUPERIOR VOC. ANA DELIA FLORES","FEMENINO",98,123,80,"80% - 100%"
"HUMACAO","FAJARDO","FAJARDO","SUPERIOR VOC. ANA DELIA FLORES","MASCULINO",102,133,77,"70% - 79%"
"HUMACAO","YABUCOA","YABUCOA","RAMÓN QUINONES MEDINA","TODOS",140,200,70,"70% - 79%"
"HUMACAO","YABUCOA","YABUCOA","RAMÓN QUINONES MEDINA","IMPEDIDOS",7,15,47,"< 50%"
"HUMACAO","YABUCOA","YABUCOA","RAMÓN QUINONES MEDINA","BAJO NIVEL DE POBREZA",86,133,65,"60% - 69%"
"HUMACAO","YABUCOA","YABUCOA","RAMÓN QUINONES MEDINA","FEMENINO",73,98,74,"70% - 79%"
"HUMACAO","YABUCOA","YABUCOA","RAMÓN QUINONES MEDINA","MASCULINO",67,102,66,"60% - 69%"
"HUMACAO","YABUCOA","PATILLAS","RAFAELINA E. LEBRÓN FLORES","TODOS",182,221,82,"80% - 100%"
"HUMACAO","YABUCOA","PATILLAS","RAFAELINA E. LEBRÓN FLORES","IMPEDIDOS",23,28,82,"80% - 100%"
"HUMACAO","YABUCOA","PATILLAS","RAFAELINA E. LEBRÓN FLORES","BAJO NIVEL DE POBREZA",119,145,82,"80% - 100%"
"HUMACAO","YABUCOA","PATILLAS","RAFAELINA E. LEBRÓN FLORES","FEMENINO",110,126,87,"80% - 100%"
"HUMACAO","YABUCOA","PATILLAS","RAFAELINA E. LEBRÓN FLORES","MASCULINO",72,95,76,"70% - 79%"
"HUMACAO","FAJARDO","NAGUABO","JUAN JOSÉ MAUNEZ","TODOS",115,175,66,"60% - 69%"
"HUMACAO","FAJARDO","NAGUABO","JUAN JOSÉ MAUNEZ","IMPEDIDOS",18,27,67,"60% - 69%"
"HUMACAO","FAJARDO","NAGUABO","JUAN JOSÉ MAUNEZ","BAJO NIVEL DE POBREZA",80,128,62,"60% - 69%"
"HUMACAO","FAJARDO","NAGUABO","JUAN JOSÉ MAUNEZ","FEMENINO",58,84,69,"60% - 69%"
"HUMACAO","FAJARDO","NAGUABO","JUAN JOSÉ MAUNEZ","MASCULINO",57,91,63,"60% - 69%"
"HUMACAO","LAS PIEDRAS","HUMACAO","BELLAS ARTES DE HUMACAO (ESPECIALIZADA)","TODOS",63,69,91,"80% - 100%"
"HUMACAO","LAS PIEDRAS","HUMACAO","BELLAS ARTES DE HUMACAO (ESPECIALIZADA)","IMPEDIDOS",2,2,100,"80% - 100%"
"HUMACAO","LAS PIEDRAS","HUMACAO","BELLAS ARTES DE HUMACAO (ESPECIALIZADA)","BAJO NIVEL DE POBREZA",16,17,94,"80% - 100%"
"HUMACAO","LAS PIEDRAS","HUMACAO","BELLAS ARTES DE HUMACAO (ESPECIALIZADA)","FEMENINO",42,47,89,"80% - 100%"
"HUMACAO","LAS PIEDRAS","HUMACAO","BELLAS ARTES DE HUMACAO (ESPECIALIZADA)","MASCULINO",21,22,95,"80% - 100%"
"CAGUAS","GUAYAMA","ARROYO","NATIVIDAD RODRÍGUEZ","TODOS",173,231,75,"70% - 79%"
"CAGUAS","GUAYAMA","ARROYO","NATIVIDAD RODRÍGUEZ","IMPEDIDOS",13,25,52,"50% - 59%"
"CAGUAS","GUAYAMA","ARROYO","NATIVIDAD RODRÍGUEZ","BAJO NIVEL DE POBREZA",100,144,69,"60% - 69%"
"CAGUAS","GUAYAMA","ARROYO","NATIVIDAD RODRÍGUEZ","FEMENINO",104,133,78,"70% - 79%"
"CAGUAS","GUAYAMA","ARROYO","NATIVIDAD RODRÍGUEZ","MASCULINO",69,98,70,"70% - 79%"
"HUMACAO","CANÓVANAS","LOÍZA","NUEVA SUPERIOR LOÍZA","TODOS",131,153,86,"80% - 100%"
"HUMACAO","CANÓVANAS","LOÍZA","NUEVA SUPERIOR LOÍZA","IMPEDIDOS",8,13,62,"60% - 69%"
"HUMACAO","CANÓVANAS","LOÍZA","NUEVA SUPERIOR LOÍZA","BAJO NIVEL DE POBREZA",94,112,84,"80% - 100%"
"HUMACAO","CANÓVANAS","LOÍZA","NUEVA SUPERIOR LOÍZA","FEMENINO",72,81,89,"80% - 100%"
"HUMACAO","CANÓVANAS","LOÍZA","NUEVA SUPERIOR LOÍZA","MASCULINO",59,72,82,"80% - 100%"
"HUMACAO","FAJARDO","CULEBRA","ECOLÓGICA DE CULEBRAS","TODOS",10,12,83,"80% - 100%"
"HUMACAO","FAJARDO","CULEBRA","ECOLÓGICA DE CULEBRAS","IMPEDIDOS",1,2,50,"50% - 59%"
"HUMACAO","FAJARDO","CULEBRA","ECOLÓGICA DE CULEBRAS","BAJO NIVEL DE POBREZA",2,2,100,"80% - 100%"
"HUMACAO","FAJARDO","CULEBRA","ECOLÓGICA DE CULEBRAS","FEMENINO",9,10,90,"80% - 100%"
"HUMACAO","FAJARDO","CULEBRA","ECOLÓGICA DE CULEBRAS","MASCULINO",1,2,50,"50% - 59%"
"MAYAGÜEZ","AGUADILLA","AGUADA","SUPERIOR DR. CARLOS GONZÁLEZ","TODOS",317,357,89,"80% - 100%"
"MAYAGÜEZ","AGUADILLA","AGUADA","SUPERIOR DR. CARLOS GONZÁLEZ","IMPEDIDOS",45,56,80,"80% - 100%"
"MAYAGÜEZ","AGUADILLA","AGUADA","SUPERIOR DR. CARLOS GONZÁLEZ","BAJO NIVEL DE POBREZA",217,253,86,"80% - 100%"
"MAYAGÜEZ","AGUADILLA","AGUADA","SUPERIOR DR. CARLOS GONZÁLEZ","FEMENINO",161,185,87,"80% - 100%"
"MAYAGÜEZ","AGUADILLA","AGUADA","SUPERIOR DR. CARLOS GONZÁLEZ","MASCULINO",156,172,91,"80% - 100%"
"MAYAGÜEZ","AGUADILLA","AÑASCO","SERGIO RAMÍREZ DE ARELLANO (ESPECIALIZADA BILINGU)","TODOS",48,52,92,"80% - 100%"
"MAYAGÜEZ","AGUADILLA","AÑASCO","SERGIO RAMÍREZ DE ARELLANO (ESPECIALIZADA BILINGU)","IMPEDIDOS",1,1,100,"80% - 100%"
"MAYAGÜEZ","AGUADILLA","AÑASCO","SERGIO RAMÍREZ DE ARELLANO (ESPECIALIZADA BILINGU)","BAJO NIVEL DE POBREZA",22,24,92,"80% - 100%"
"MAYAGÜEZ","AGUADILLA","AÑASCO","SERGIO RAMÍREZ DE ARELLANO (ESPECIALIZADA BILINGU)","FEMENINO",23,25,92,"80% - 100%"
"MAYAGÜEZ","AGUADILLA","AÑASCO","SERGIO RAMÍREZ DE ARELLANO (ESPECIALIZADA BILINGU)","MASCULINO",25,27,93,"80% - 100%"
"MAYAGÜEZ","MAYAGÜEZ","HORMIGUEROS","SEGUNDO RUIZ BELVIS","TODOS",143,202,71,"70% - 79%"
"MAYAGÜEZ","MAYAGÜEZ","HORMIGUEROS","SEGUNDO RUIZ BELVIS","IMPEDIDOS",24,44,55,"50% - 59%"
"MAYAGÜEZ","MAYAGÜEZ","HORMIGUEROS","SEGUNDO RUIZ BELVIS","BAJO NIVEL DE POBREZA",81,117,69,"60% - 69%"
"MAYAGÜEZ","MAYAGÜEZ","HORMIGUEROS","SEGUNDO RUIZ BELVIS","FEMENINO",72,101,71,"70% - 79%"
"MAYAGÜEZ","MAYAGÜEZ","HORMIGUEROS","SEGUNDO RUIZ BELVIS","MASCULINO",71,101,70,"70% - 79%"
"MAYAGÜEZ","MAYAGÜEZ","MAYAGÜEZ","PEDRO PEREA FAJARDO","TODOS",240,345,70,"70% - 79%"
"MAYAGÜEZ","MAYAGÜEZ","MAYAGÜEZ","PEDRO PEREA FAJARDO","IMPEDIDOS",54,89,61,"60% - 69%"
"MAYAGÜEZ","MAYAGÜEZ","MAYAGÜEZ","PEDRO PEREA FAJARDO","BAJO NIVEL DE POBREZA",175,257,68,"60% - 69%"
"MAYAGÜEZ","MAYAGÜEZ","MAYAGÜEZ","PEDRO PEREA FAJARDO","FEMENINO",125,165,76,"70% - 79%"
"MAYAGÜEZ","MAYAGÜEZ","MAYAGÜEZ","PEDRO PEREA FAJARDO","MASCULINO",115,180,64,"60% - 69%"
"MAYAGÜEZ","CABO ROJO","SAN GERMÁN","LOLA RODRÍGUEZ DE TIÓ","TODOS",178,250,71,"70% - 79%"
"MAYAGÜEZ","CABO ROJO","SAN GERMÁN","LOLA RODRÍGUEZ DE TIÓ","IMPEDIDOS",13,34,38,"< 50%"
"MAYAGÜEZ","CABO ROJO","SAN GERMÁN","LOLA RODRÍGUEZ DE TIÓ","BAJO NIVEL DE POBREZA",110,159,69,"60% - 69%"
"MAYAGÜEZ","CABO ROJO","SAN GERMÁN","LOLA RODRÍGUEZ DE TIÓ","FEMENINO",117,151,77,"70% - 79%"
"MAYAGÜEZ","CABO ROJO","SAN GERMÁN","LOLA RODRÍGUEZ DE TIÓ","MASCULINO",61,99,62,"60% - 69%"
"MAYAGÜEZ","CABO ROJO","SAN GERMÁN","LAURA MERCADO (ESPECIALIZADA)","TODOS",31,41,76,"70% - 79%"
"MAYAGÜEZ","CABO ROJO","SAN GERMÁN","LAURA MERCADO (ESPECIALIZADA)","IMPEDIDOS",11,15,73,"70% - 79%"
"MAYAGÜEZ","CABO ROJO","SAN GERMÁN","LAURA MERCADO (ESPECIALIZADA)","BAJO NIVEL DE POBREZA",24,33,73,"70% - 79%"
"MAYAGÜEZ","CABO ROJO","SAN GERMÁN","LAURA MERCADO (ESPECIALIZADA)","FEMENINO",10,14,71,"70% - 79%"
"MAYAGÜEZ","CABO ROJO","SAN GERMÁN","LAURA MERCADO (ESPECIALIZADA)","MASCULINO",21,27,78,"70% - 79%"
"MAYAGÜEZ","MAYAGÜEZ","MAYAGÜEZ","CENTRO RES. OPORTUNIDADES EDUC. (ESPECIALIZADA)","TODOS",66,76,87,"80% - 100%"
"MAYAGÜEZ","MAYAGÜEZ","MAYAGÜEZ","CENTRO RES. OPORTUNIDADES EDUC. (ESPECIALIZADA)","BAJO NIVEL DE POBREZA",13,14,93,"80% - 100%"
"MAYAGÜEZ","MAYAGÜEZ","MAYAGÜEZ","CENTRO RES. OPORTUNIDADES EDUC. (ESPECIALIZADA)","FEMENINO",38,43,88,"80% - 100%"
"MAYAGÜEZ","MAYAGÜEZ","MAYAGÜEZ","CENTRO RES. OPORTUNIDADES EDUC. (ESPECIALIZADA)","MASCULINO",28,33,85,"80% - 100%"
"MAYAGÜEZ","AGUADILLA","AGUADILLA","SALVADOR FUENTES","TODOS",41,77,53,"50% - 59%"
"MAYAGÜEZ","AGUADILLA","AGUADILLA","SALVADOR FUENTES","IMPEDIDOS",12,30,40,"< 50%"
"MAYAGÜEZ","AGUADILLA","AGUADILLA","SALVADOR FUENTES","BAJO NIVEL DE POBREZA",34,62,55,"50% - 59%"
"MAYAGÜEZ","AGUADILLA","AGUADILLA","SALVADOR FUENTES","FEMENINO",16,33,48,"< 50%"
"MAYAGÜEZ","AGUADILLA","AGUADILLA","SALVADOR FUENTES","MASCULINO",25,44,57,"50% - 59%"
"MAYAGÜEZ","CABO ROJO","LAJAS","LEONIDES MORALES RODRÍGUEZ","TODOS",190,276,69,"60% - 69%"
"MAYAGÜEZ","CABO ROJO","LAJAS","LEONIDES MORALES RODRÍGUEZ","IMPEDIDOS",27,56,48,"< 50%"
"MAYAGÜEZ","CABO ROJO","LAJAS","LEONIDES MORALES RODRÍGUEZ","BAJO NIVEL DE POBREZA",136,202,67,"60% - 69%"
"MAYAGÜEZ","CABO ROJO","LAJAS","LEONIDES MORALES RODRÍGUEZ","FEMENINO",111,157,71,"70% - 79%"
"MAYAGÜEZ","CABO ROJO","LAJAS","LEONIDES MORALES RODRÍGUEZ","MASCULINO",79,119,66,"60% - 69%"
"MAYAGÜEZ","AGUADILLA","AGUADA","ELADIO TIRADO LÓPEZ","TODOS",96,140,69,"60% - 69%"
"MAYAGÜEZ","AGUADILLA","AGUADA","ELADIO TIRADO LÓPEZ","IMPEDIDOS",9,25,36,"< 50%"
"MAYAGÜEZ","AGUADILLA","AGUADA","ELADIO TIRADO LÓPEZ","BAJO NIVEL DE POBREZA",57,90,63,"60% - 69%"
"MAYAGÜEZ","AGUADILLA","AGUADA","ELADIO TIRADO LÓPEZ","FEMENINO",59,77,77,"70% - 79%"
"MAYAGÜEZ","AGUADILLA","AGUADA","ELADIO TIRADO LÓPEZ","MASCULINO",37,63,59,"50% - 59%"
"MAYAGÜEZ","SAN SEBASTIÁN","SAN SEBASTIÁN","EMILIO SCHARON RODRÍGUEZ","TODOS",33,47,70,"70% - 79%"
"MAYAGÜEZ","SAN SEBASTIÁN","SAN SEBASTIÁN","EMILIO SCHARON RODRÍGUEZ","IMPEDIDOS",4,9,44,"< 50%"
"MAYAGÜEZ","SAN SEBASTIÁN","SAN SEBASTIÁN","EMILIO SCHARON RODRÍGUEZ","BAJO NIVEL DE POBREZA",20,30,67,"60% - 69%"
"MAYAGÜEZ","SAN SEBASTIÁN","SAN SEBASTIÁN","EMILIO SCHARON RODRÍGUEZ","FEMENINO",17,22,77,"70% - 79%"
"MAYAGÜEZ","SAN SEBASTIÁN","SAN SEBASTIÁN","EMILIO SCHARON RODRÍGUEZ","MASCULINO",16,25,64,"60% - 69%"
"MAYAGÜEZ","MAYAGÜEZ","LAS MARÍAS","EVA Y PATRIA CUSTODIO","TODOS",59,79,75,"70% - 79%"
"MAYAGÜEZ","MAYAGÜEZ","LAS MARÍAS","EVA Y PATRIA CUSTODIO","IMPEDIDOS",9,19,47,"< 50%"
"MAYAGÜEZ","MAYAGÜEZ","LAS MARÍAS","EVA Y PATRIA CUSTODIO","BAJO NIVEL DE POBREZA",47,63,75,"70% - 79%"
"MAYAGÜEZ","MAYAGÜEZ","LAS MARÍAS","EVA Y PATRIA CUSTODIO","FEMENINO",33,42,79,"70% - 79%"
"MAYAGÜEZ","MAYAGÜEZ","LAS MARÍAS","EVA Y PATRIA CUSTODIO","MASCULINO",26,37,70,"70% - 79%"
"MAYAGÜEZ","SAN SEBASTIÁN","MOCA","MARCELINO RODRÍGUEZ ROMÁN","TODOS",53,85,62,"60% - 69%"
"MAYAGÜEZ","SAN SEBASTIÁN","MOCA","MARCELINO RODRÍGUEZ ROMÁN","IMPEDIDOS",4,12,33,"< 50%"
"MAYAGÜEZ","SAN SEBASTIÁN","MOCA","MARCELINO RODRÍGUEZ ROMÁN","BAJO NIVEL DE POBREZA",42,65,65,"60% - 69%"
"MAYAGÜEZ","SAN SEBASTIÁN","MOCA","MARCELINO RODRÍGUEZ ROMÁN","FEMENINO",34,48,71,"70% - 79%"
"MAYAGÜEZ","SAN SEBASTIÁN","MOCA","MARCELINO RODRÍGUEZ ROMÁN","MASCULINO",19,37,51,"50% - 59%"
"MAYAGÜEZ","AGUADILLA","AGUADILLA","BENITO CEREZO MÁRQUEZ","TODOS",137,198,69,"60% - 69%"
"MAYAGÜEZ","AGUADILLA","AGUADILLA","BENITO CEREZO MÁRQUEZ","IMPEDIDOS",19,32,59,"50% - 59%"
"MAYAGÜEZ","AGUADILLA","AGUADILLA","BENITO CEREZO MÁRQUEZ","BAJO NIVEL DE POBREZA",100,144,69,"60% - 69%"
"MAYAGÜEZ","AGUADILLA","AGUADILLA","BENITO CEREZO MÁRQUEZ","FEMENINO",66,95,69,"60% - 69%"
"MAYAGÜEZ","AGUADILLA","AGUADILLA","BENITO CEREZO MÁRQUEZ","MASCULINO",71,103,69,"60% - 69%"
"MAYAGÜEZ","CABO ROJO","CABO ROJO","INÉS MARÍA MENDOZA DE MUÑOZ MARÍN","TODOS",174,239,73,"70% - 79%"
"MAYAGÜEZ","CABO ROJO","CABO ROJO","INÉS MARÍA MENDOZA DE MUÑOZ MARÍN","IMPEDIDOS",19,34,56,"50% - 59%"
"MAYAGÜEZ","CABO ROJO","CABO ROJO","INÉS MARÍA MENDOZA DE MUÑOZ MARÍN","BAJO NIVEL DE POBREZA",109,148,74,"70% - 79%"
"MAYAGÜEZ","CABO ROJO","CABO ROJO","INÉS MARÍA MENDOZA DE MUÑOZ MARÍN","FEMENINO",101,127,80,"80% - 100%"
"MAYAGÜEZ","CABO ROJO","CABO ROJO","INÉS MARÍA MENDOZA DE MUÑOZ MARÍN","MASCULINO",73,112,65,"60% - 69%"
"MAYAGÜEZ","CABO ROJO","CABO ROJO","MONSERRATE LEÓN DE IRIZARRY","TODOS",128,164,78,"70% - 79%"
"MAYAGÜEZ","CABO ROJO","CABO ROJO","MONSERRATE LEÓN DE IRIZARRY","IMPEDIDOS",22,32,69,"60% - 69%"
"MAYAGÜEZ","CABO ROJO","CABO ROJO","MONSERRATE LEÓN DE IRIZARRY","BAJO NIVEL DE POBREZA",84,107,79,"70% - 79%"
"MAYAGÜEZ","CABO ROJO","CABO ROJO","MONSERRATE LEÓN DE IRIZARRY","FEMENINO",67,86,78,"70% - 79%"
"MAYAGÜEZ","CABO ROJO","CABO ROJO","MONSERRATE LEÓN DE IRIZARRY","MASCULINO",61,78,78,"70% - 79%"
"MAYAGÜEZ","AGUADILLA","AÑASCO","LUIS MUÑOZ MARÍN","TODOS",162,219,74,"70% - 79%"
"MAYAGÜEZ","AGUADILLA","AÑASCO","LUIS MUÑOZ MARÍN","IMPEDIDOS",30,44,68,"60% - 69%"
"MAYAGÜEZ","AGUADILLA","AÑASCO","LUIS MUÑOZ MARÍN","BAJO NIVEL DE POBREZA",107,149,72,"70% - 79%"
"MAYAGÜEZ","AGUADILLA","AÑASCO","LUIS MUÑOZ MARÍN","FEMENINO",74,98,76,"70% - 79%"
"MAYAGÜEZ","AGUADILLA","AÑASCO","LUIS MUÑOZ MARÍN","MASCULINO",88,121,73,"70% - 79%"
"MAYAGÜEZ","SAN SEBASTIÁN","SAN SEBASTIÁN","PATRIA LATORRE RAMÍREZ","TODOS",205,248,83,"80% - 100%"
"MAYAGÜEZ","SAN SEBASTIÁN","SAN SEBASTIÁN","PATRIA LATORRE RAMÍREZ","IMPEDIDOS",10,13,77,"70% - 79%"
"MAYAGÜEZ","SAN SEBASTIÁN","SAN SEBASTIÁN","PATRIA LATORRE RAMÍREZ","BAJO NIVEL DE POBREZA",96,124,77,"70% - 79%"
"MAYAGÜEZ","SAN SEBASTIÁN","SAN SEBASTIÁN","PATRIA LATORRE RAMÍREZ","FEMENINO",116,137,85,"80% - 100%"
"MAYAGÜEZ","SAN SEBASTIÁN","SAN SEBASTIÁN","PATRIA LATORRE RAMÍREZ","MASCULINO",89,111,80,"80% - 100%"
"MAYAGÜEZ","MAYAGÜEZ","MARICAO","SUPERIOR URBANA","TODOS",57,75,76,"70% - 79%"
"MAYAGÜEZ","MAYAGÜEZ","MARICAO","SUPERIOR URBANA","IMPEDIDOS",5,12,42,"< 50%"
"MAYAGÜEZ","MAYAGÜEZ","MARICAO","SUPERIOR URBANA","BAJO NIVEL DE POBREZA",41,57,72,"70% - 79%"
"MAYAGÜEZ","MAYAGÜEZ","MARICAO","SUPERIOR URBANA","FEMENINO",33,42,79,"70% - 79%"
"MAYAGÜEZ","MAYAGÜEZ","MARICAO","SUPERIOR URBANA","MASCULINO",24,33,73,"70% - 79%"
"MAYAGÜEZ","AGUADILLA","AGUADILLA","JUAN SUARES PELEGRINA","TODOS",190,269,71,"70% - 79%"
"MAYAGÜEZ","AGUADILLA","AGUADILLA","JUAN SUARES PELEGRINA","IMPEDIDOS",19,39,49,"< 50%"
"MAYAGÜEZ","AGUADILLA","AGUADILLA","JUAN SUARES PELEGRINA","BAJO NIVEL DE POBREZA",117,176,66,"60% - 69%"
"MAYAGÜEZ","AGUADILLA","AGUADILLA","JUAN SUARES PELEGRINA","FEMENINO",105,138,76,"70% - 79%"
"MAYAGÜEZ","AGUADILLA","AGUADILLA","JUAN SUARES PELEGRINA","MASCULINO",85,131,65,"60% - 69%"
"MAYAGÜEZ","AGUADILLA","RINCÓN","MANUEL GARCÍA PÉREZ (SUP. NUEVA)","TODOS",115,163,71,"70% - 79%"
"MAYAGÜEZ","AGUADILLA","RINCÓN","MANUEL GARCÍA PÉREZ (SUP. NUEVA)","IMPEDIDOS",16,31,52,"50% - 59%"
"MAYAGÜEZ","AGUADILLA","RINCÓN","MANUEL GARCÍA PÉREZ (SUP. NUEVA)","BAJO NIVEL DE POBREZA",87,127,69,"60% - 69%"
"MAYAGÜEZ","AGUADILLA","RINCÓN","MANUEL GARCÍA PÉREZ (SUP. NUEVA)","FEMENINO",64,81,79,"70% - 79%"
"MAYAGÜEZ","AGUADILLA","RINCÓN","MANUEL GARCÍA PÉREZ (SUP. NUEVA)","MASCULINO",51,82,62,"60% - 69%"
"MAYAGÜEZ","SAN SEBASTIÁN","MOCA","CATALINA MORALES DE FLORES","TODOS",243,304,80,"80% - 100%"
"MAYAGÜEZ","SAN SEBASTIÁN","MOCA","CATALINA MORALES DE FLORES","IMPEDIDOS",18,29,62,"60% - 69%"
"MAYAGÜEZ","SAN SEBASTIÁN","MOCA","CATALINA MORALES DE FLORES","BAJO NIVEL DE POBREZA",143,189,76,"70% - 79%"
"MAYAGÜEZ","SAN SEBASTIÁN","MOCA","CATALINA MORALES DE FLORES","FEMENINO",137,163,84,"80% - 100%"
"MAYAGÜEZ","SAN SEBASTIÁN","MOCA","CATALINA MORALES DE FLORES","MASCULINO",106,141,75,"70% - 79%"
"MAYAGÜEZ","SAN SEBASTIÁN","SAN SEBASTIÁN","SUPERIOR  VOC. MANUEL M. LICIAGA","TODOS",196,268,73,"70% - 79%"
"MAYAGÜEZ","SAN SEBASTIÁN","SAN SEBASTIÁN","SUPERIOR  VOC. MANUEL M. LICIAGA","IMPEDIDOS",28,52,54,"50% - 59%"
"MAYAGÜEZ","SAN SEBASTIÁN","SAN SEBASTIÁN","SUPERIOR  VOC. MANUEL M. LICIAGA","BAJO NIVEL DE POBREZA",144,206,70,"70% - 79%"
"MAYAGÜEZ","SAN SEBASTIÁN","SAN SEBASTIÁN","SUPERIOR  VOC. MANUEL M. LICIAGA","FEMENINO",111,143,78,"70% - 79%"
"MAYAGÜEZ","SAN SEBASTIÁN","SAN SEBASTIÁN","SUPERIOR  VOC. MANUEL M. LICIAGA","MASCULINO",85,125,68,"60% - 69%"
"MAYAGÜEZ","CABO ROJO","SÁBANA GRANDE","LUIS NEGRÓN LÓPEZ","TODOS",204,285,72,"70% - 79%"
"MAYAGÜEZ","CABO ROJO","SÁBANA GRANDE","LUIS NEGRÓN LÓPEZ","IMPEDIDOS",33,56,59,"50% - 59%"
"MAYAGÜEZ","CABO ROJO","SÁBANA GRANDE","LUIS NEGRÓN LÓPEZ","BAJO NIVEL DE POBREZA",129,185,70,"70% - 79%"
"MAYAGÜEZ","CABO ROJO","SÁBANA GRANDE","LUIS NEGRÓN LÓPEZ","FEMENINO",107,141,76,"70% - 79%"
"MAYAGÜEZ","CABO ROJO","SÁBANA GRANDE","LUIS NEGRÓN LÓPEZ","MASCULINO",97,144,67,"60% - 69%"
"MAYAGÜEZ","MAYAGÜEZ","MAYAGÜEZ","EUGENIO MARÍA DE HOSTOS","TODOS",256,332,77,"70% - 79%"
"MAYAGÜEZ","MAYAGÜEZ","MAYAGÜEZ","EUGENIO MARÍA DE HOSTOS","IMPEDIDOS",25,36,69,"60% - 69%"
"MAYAGÜEZ","MAYAGÜEZ","MAYAGÜEZ","EUGENIO MARÍA DE HOSTOS","BAJO NIVEL DE POBREZA",138,184,75,"70% - 79%"
"MAYAGÜEZ","MAYAGÜEZ","MAYAGÜEZ","EUGENIO MARÍA DE HOSTOS","FEMENINO",153,182,84,"80% - 100%"
"MAYAGÜEZ","MAYAGÜEZ","MAYAGÜEZ","EUGENIO MARÍA DE HOSTOS","MASCULINO",103,150,69,"60% - 69%"
"PONCE","UTUADO","ADJUNTAS","JOSÉ EMILIO LUGO","TODOS",130,208,62,"60% - 69%"
"PONCE","UTUADO","ADJUNTAS","JOSÉ EMILIO LUGO","IMPEDIDOS",12,25,48,"< 50%"
"PONCE","UTUADO","ADJUNTAS","JOSÉ EMILIO LUGO","BAJO NIVEL DE POBREZA",67,110,61,"60% - 69%"
"PONCE","UTUADO","ADJUNTAS","JOSÉ EMILIO LUGO","FEMENINO",74,112,66,"60% - 69%"
"PONCE","UTUADO","ADJUNTAS","JOSÉ EMILIO LUGO","MASCULINO",56,96,58,"50% - 59%"
"PONCE","SANTA ISABEL","COAMO","RAMÓN JOSÉ DÁVILA","TODOS",190,256,74,"70% - 79%"
"PONCE","SANTA ISABEL","COAMO","RAMÓN JOSÉ DÁVILA","IMPEDIDOS",36,57,63,"60% - 69%"
"PONCE","SANTA ISABEL","COAMO","RAMÓN JOSÉ DÁVILA","BAJO NIVEL DE POBREZA",128,183,70,"70% - 79%"
"PONCE","SANTA ISABEL","COAMO","RAMÓN JOSÉ DÁVILA","FEMENINO",98,121,81,"80% - 100%"
"PONCE","SANTA ISABEL","COAMO","RAMÓN JOSÉ DÁVILA","MASCULINO",92,135,68,"60% - 69%"
"PONCE","SANTA ISABEL","JUANA DÍAZ","LUIS LLORENS TORRES","TODOS",186,213,87,"80% - 100%"
"PONCE","SANTA ISABEL","JUANA DÍAZ","LUIS LLORENS TORRES","IMPEDIDOS",19,27,70,"70% - 79%"
"PONCE","SANTA ISABEL","JUANA DÍAZ","LUIS LLORENS TORRES","BAJO NIVEL DE POBREZA",132,151,87,"80% - 100%"
"PONCE","SANTA ISABEL","JUANA DÍAZ","LUIS LLORENS TORRES","FEMENINO",109,120,91,"80% - 100%"
"PONCE","SANTA ISABEL","JUANA DÍAZ","LUIS LLORENS TORRES","MASCULINO",77,93,83,"80% - 100%"
"PONCE","SANTA ISABEL","JUANA DÍAZ","LUIS MUÑOZ MARÍN","TODOS",27,39,69,"60% - 69%"
"PONCE","SANTA ISABEL","JUANA DÍAZ","LUIS MUÑOZ MARÍN","IMPEDIDOS",5,8,62,"60% - 69%"
"PONCE","SANTA ISABEL","JUANA DÍAZ","LUIS MUÑOZ MARÍN","BAJO NIVEL DE POBREZA",19,29,66,"60% - 69%"
"PONCE","SANTA ISABEL","JUANA DÍAZ","LUIS MUÑOZ MARÍN","FEMENINO",11,16,69,"60% - 69%"
"PONCE","SANTA ISABEL","JUANA DÍAZ","LUIS MUÑOZ MARÍN","MASCULINO",16,23,70,"70% - 79%"
"PONCE","PONCE","PONCE I","SUPERIOR JUAN SERRALLÉS","TODOS",134,176,76,"70% - 79%"
"PONCE","PONCE","PONCE I","SUPERIOR JUAN SERRALLÉS","IMPEDIDOS",20,29,69,"60% - 69%"
"PONCE","PONCE","PONCE I","SUPERIOR JUAN SERRALLÉS","BAJO NIVEL DE POBREZA",97,126,77,"70% - 79%"
"PONCE","PONCE","PONCE I","SUPERIOR JUAN SERRALLÉS","FEMENINO",62,73,85,"80% - 100%"
"PONCE","PONCE","PONCE I","SUPERIOR JUAN SERRALLÉS","MASCULINO",72,103,70,"70% - 79%"
"PONCE","PONCE","PONCE II","PONCE HIGH","TODOS",197,354,56,"50% - 59%"
"PONCE","PONCE","PONCE II","PONCE HIGH","IMPEDIDOS",26,53,49,"< 50%"
"PONCE","PONCE","PONCE II","PONCE HIGH","BAJO NIVEL DE POBREZA",143,279,51,"50% - 59%"
"PONCE","PONCE","PONCE II","PONCE HIGH","FEMENINO",106,176,60,"60% - 69%"
"PONCE","PONCE","PONCE II","PONCE HIGH","MASCULINO",91,178,51,"50% - 59%"
"PONCE","PONCE","PONCE III","DR. PILA","TODOS",117,255,46,"< 50%"
"PONCE","PONCE","PONCE III","DR. PILA","IMPEDIDOS",21,56,37,"< 50%"
"PONCE","PONCE","PONCE III","DR. PILA","BAJO NIVEL DE POBREZA",72,162,44,"< 50%"
"PONCE","PONCE","PONCE III","DR. PILA","FEMENINO",58,128,45,"< 50%"
"PONCE","PONCE","PONCE III","DR. PILA","MASCULINO",59,127,46,"< 50%"
"PONCE","PONCE","PONCE III","BERNARDINO CORDERO BERNARD","TODOS",165,185,89,"80% - 100%"
"PONCE","PONCE","PONCE III","BERNARDINO CORDERO BERNARD","IMPEDIDOS",18,25,72,"70% - 79%"
"PONCE","PONCE","PONCE III","BERNARDINO CORDERO BERNARD","BAJO NIVEL DE POBREZA",96,109,88,"80% - 100%"
"PONCE","PONCE","PONCE III","BERNARDINO CORDERO BERNARD","FEMENINO",86,91,95,"80% - 100%"
"PONCE","PONCE","PONCE III","BERNARDINO CORDERO BERNARD","MASCULINO",79,94,84,"80% - 100%"
"PONCE","PONCE","PONCE I","THOMAS ARMSTRONG TORO (ESPECIALIZADA)","TODOS",62,62,100,"80% - 100%"
"PONCE","PONCE","PONCE I","THOMAS ARMSTRONG TORO (ESPECIALIZADA)","IMPEDIDOS",6,6,100,"80% - 100%"
"PONCE","PONCE","PONCE I","THOMAS ARMSTRONG TORO (ESPECIALIZADA)","BAJO NIVEL DE POBREZA",32,32,100,"80% - 100%"
"PONCE","PONCE","PONCE I","THOMAS ARMSTRONG TORO (ESPECIALIZADA)","FEMENINO",31,31,100,"80% - 100%"
"PONCE","PONCE","PONCE I","THOMAS ARMSTRONG TORO (ESPECIALIZADA)","MASCULINO",31,31,100,"80% - 100%"
"PONCE","YAUCO","YAUCO","ERNESTO RAMOS ANTONINI (ESPECIALIZADA BELLAS ART) ","TODOS",35,38,92,"80% - 100%"
"PONCE","YAUCO","YAUCO","ERNESTO RAMOS ANTONINI (ESPECIALIZADA BELLAS ART) ","IMPEDIDOS",1,2,50,"50% - 59%"
"PONCE","YAUCO","YAUCO","ERNESTO RAMOS ANTONINI (ESPECIALIZADA BELLAS ART) ","BAJO NIVEL DE POBREZA",17,18,94,"80% - 100%"
"PONCE","YAUCO","YAUCO","ERNESTO RAMOS ANTONINI (ESPECIALIZADA BELLAS ART) ","FEMENINO",19,21,90,"80% - 100%"
"PONCE","YAUCO","YAUCO","ERNESTO RAMOS ANTONINI (ESPECIALIZADA BELLAS ART) ","MASCULINO",16,17,94,"80% - 100%"
"PONCE","UTUADO","JAYUYA","JOSEFINA LEÓN ZAYAS","TODOS",184,238,77,"70% - 79%"
"PONCE","UTUADO","JAYUYA","JOSEFINA LEÓN ZAYAS","IMPEDIDOS",28,37,76,"70% - 79%"
"PONCE","UTUADO","JAYUYA","JOSEFINA LEÓN ZAYAS","BAJO NIVEL DE POBREZA",132,178,74,"70% - 79%"
"PONCE","UTUADO","JAYUYA","JOSEFINA LEÓN ZAYAS","FEMENINO",93,109,85,"80% - 100%"
"PONCE","UTUADO","JAYUYA","JOSEFINA LEÓN ZAYAS","MASCULINO",91,129,71,"70% - 79%"
"PONCE","YAUCO","YAUCO","SUPERIOR OCUP. Y TÉCNICA DE YAUCO","TODOS",242,282,86,"80% - 100%"
"PONCE","YAUCO","YAUCO","SUPERIOR OCUP. Y TÉCNICA DE YAUCO","IMPEDIDOS",47,55,85,"80% - 100%"
"PONCE","YAUCO","YAUCO","SUPERIOR OCUP. Y TÉCNICA DE YAUCO","BAJO NIVEL DE POBREZA",174,202,86,"80% - 100%"
"PONCE","YAUCO","YAUCO","SUPERIOR OCUP. Y TÉCNICA DE YAUCO","FEMENINO",122,135,90,"80% - 100%"
"PONCE","YAUCO","YAUCO","SUPERIOR OCUP. Y TÉCNICA DE YAUCO","MASCULINO",120,147,82,"80% - 100%"
"PONCE","PONCE","PONCE II","BETHSAIDA VELÁZQUEZ ANDUJAR","TODOS",104,155,67,"60% - 69%"
"PONCE","PONCE","PONCE II","BETHSAIDA VELÁZQUEZ ANDUJAR","IMPEDIDOS",18,31,58,"50% - 59%"
"PONCE","PONCE","PONCE II","BETHSAIDA VELÁZQUEZ ANDUJAR","BAJO NIVEL DE POBREZA",42,68,62,"60% - 69%"
"PONCE","PONCE","PONCE II","BETHSAIDA VELÁZQUEZ ANDUJAR","FEMENINO",59,84,70,"70% - 79%"
"PONCE","PONCE","PONCE II","BETHSAIDA VELÁZQUEZ ANDUJAR","MASCULINO",45,71,63,"60% - 69%"
"PONCE","SANTA ISABEL","JUANA DÍAZ","CARMEN BELÉN VEIGA","TODOS",170,212,80,"80% - 100%"
"PONCE","SANTA ISABEL","JUANA DÍAZ","CARMEN BELÉN VEIGA","IMPEDIDOS",24,34,71,"70% - 79%"
"PONCE","SANTA ISABEL","JUANA DÍAZ","CARMEN BELÉN VEIGA","BAJO NIVEL DE POBREZA",100,136,74,"70% - 79%"
"PONCE","SANTA ISABEL","JUANA DÍAZ","CARMEN BELÉN VEIGA","FEMENINO",76,91,84,"80% - 100%"
"PONCE","SANTA ISABEL","JUANA DÍAZ","CARMEN BELÉN VEIGA","MASCULINO",94,121,78,"70% - 79%"
"PONCE","SANTA ISABEL","COAMO","JOSÉ FELIPE ZAYAS","TODOS",175,237,74,"70% - 79%"
"PONCE","SANTA ISABEL","COAMO","JOSÉ FELIPE ZAYAS","IMPEDIDOS",34,54,63,"60% - 69%"
"PONCE","SANTA ISABEL","COAMO","JOSÉ FELIPE ZAYAS","BAJO NIVEL DE POBREZA",122,174,70,"70% - 79%"
"PONCE","SANTA ISABEL","COAMO","JOSÉ FELIPE ZAYAS","FEMENINO",87,110,79,"70% - 79%"
"PONCE","SANTA ISABEL","COAMO","JOSÉ FELIPE ZAYAS","MASCULINO",88,127,69,"60% - 69%"
"PONCE","PONCE","PONCE I","SUPERIOR JARDINES DE PONCE","TODOS",136,233,58,"50% - 59%"
"PONCE","PONCE","PONCE I","SUPERIOR JARDINES DE PONCE","IMPEDIDOS",25,47,53,"50% - 59%"
"PONCE","PONCE","PONCE I","SUPERIOR JARDINES DE PONCE","BAJO NIVEL DE POBREZA",100,181,55,"50% - 59%"
"PONCE","PONCE","PONCE I","SUPERIOR JARDINES DE PONCE","FEMENINO",82,117,70,"70% - 79%"
"PONCE","PONCE","PONCE I","SUPERIOR JARDINES DE PONCE","MASCULINO",54,116,47,"< 50%"
"CAGUAS","GUAYAMA","SALINAS","STELLA MÁRQUEZ","TODOS",143,198,72,"70% - 79%"
"CAGUAS","GUAYAMA","SALINAS","STELLA MÁRQUEZ","IMPEDIDOS",14,24,58,"50% - 59%"
"CAGUAS","GUAYAMA","SALINAS","STELLA MÁRQUEZ","BAJO NIVEL DE POBREZA",105,146,72,"70% - 79%"
"CAGUAS","GUAYAMA","SALINAS","STELLA MÁRQUEZ","FEMENINO",87,119,73,"70% - 79%"
"CAGUAS","GUAYAMA","SALINAS","STELLA MÁRQUEZ","MASCULINO",56,79,71,"70% - 79%"
"PONCE","YAUCO","GUAYANILLA","ASUNCIÓN RODRÍGUEZ DE SALA","TODOS",115,207,56,"50% - 59%"
"PONCE","YAUCO","GUAYANILLA","ASUNCIÓN RODRÍGUEZ DE SALA","IMPEDIDOS",21,39,54,"50% - 59%"
"PONCE","YAUCO","GUAYANILLA","ASUNCIÓN RODRÍGUEZ DE SALA","BAJO NIVEL DE POBREZA",70,145,48,"< 50%"
"PONCE","YAUCO","GUAYANILLA","ASUNCIÓN RODRÍGUEZ DE SALA","FEMENINO",62,101,61,"60% - 69%"
"PONCE","YAUCO","GUAYANILLA","ASUNCIÓN RODRÍGUEZ DE SALA","MASCULINO",53,106,50,"50% - 59%"
"CAGUAS","GUAYAMA","SALINAS","EUGENIO GUERRA CRUZ (ESPECIALIZADA DEPORTES)","TODOS",63,71,89,"80% - 100%"
"CAGUAS","GUAYAMA","SALINAS","EUGENIO GUERRA CRUZ (ESPECIALIZADA DEPORTES)","IMPEDIDOS",7,8,87,"80% - 100%"
"CAGUAS","GUAYAMA","SALINAS","EUGENIO GUERRA CRUZ (ESPECIALIZADA DEPORTES)","BAJO NIVEL DE POBREZA",29,33,88,"80% - 100%"
"CAGUAS","GUAYAMA","SALINAS","EUGENIO GUERRA CRUZ (ESPECIALIZADA DEPORTES)","FEMENINO",28,31,90,"80% - 100%"
"CAGUAS","GUAYAMA","SALINAS","EUGENIO GUERRA CRUZ (ESPECIALIZADA DEPORTES)","MASCULINO",35,40,87,"80% - 100%"
"PONCE","YAUCO","GUÁNICA","AUREA E. QUILES CLAUDIO","TODOS",136,181,75,"70% - 79%"
"PONCE","YAUCO","GUÁNICA","AUREA E. QUILES CLAUDIO","IMPEDIDOS",24,41,59,"50% - 59%"
"PONCE","YAUCO","GUÁNICA","AUREA E. QUILES CLAUDIO","BAJO NIVEL DE POBREZA",102,140,73,"70% - 79%"
"PONCE","YAUCO","GUÁNICA","AUREA E. QUILES CLAUDIO","FEMENINO",73,97,75,"70% - 79%"
"PONCE","YAUCO","GUÁNICA","AUREA E. QUILES CLAUDIO","MASCULINO",63,84,75,"70% - 79%"
"PONCE","SANTA ISABEL","SANTA ISABEL","ELVIRA M. COLÓN NEGRÓN","TODOS",161,221,73,"70% - 79%"
"PONCE","SANTA ISABEL","SANTA ISABEL","ELVIRA M. COLÓN NEGRÓN","IMPEDIDOS",15,22,68,"60% - 69%"
"PONCE","SANTA ISABEL","SANTA ISABEL","ELVIRA M. COLÓN NEGRÓN","BAJO NIVEL DE POBREZA",127,179,71,"70% - 79%"
"PONCE","SANTA ISABEL","SANTA ISABEL","ELVIRA M. COLÓN NEGRÓN","FEMENINO",85,117,73,"70% - 79%"
"PONCE","SANTA ISABEL","SANTA ISABEL","ELVIRA M. COLÓN NEGRÓN","MASCULINO",76,104,73,"70% - 79%"
"PONCE","SANTA ISABEL","JUANA DÍAZ","DR. MÁXIMO DONOSO SÁNCHEZ","TODOS",79,103,77,"70% - 79%"
"PONCE","SANTA ISABEL","JUANA DÍAZ","DR. MÁXIMO DONOSO SÁNCHEZ","IMPEDIDOS",16,25,64,"60% - 69%"
"PONCE","SANTA ISABEL","JUANA DÍAZ","DR. MÁXIMO DONOSO SÁNCHEZ","BAJO NIVEL DE POBREZA",57,77,74,"70% - 79%"
"PONCE","SANTA ISABEL","JUANA DÍAZ","DR. MÁXIMO DONOSO SÁNCHEZ","FEMENINO",37,47,79,"70% - 79%"
"PONCE","SANTA ISABEL","JUANA DÍAZ","DR. MÁXIMO DONOSO SÁNCHEZ","MASCULINO",42,56,75,"70% - 79%"
"PONCE","YAUCO","PEÑUELAS","JOSEFA VÉLEZ BAUZA","TODOS",196,278,71,"70% - 79%"
"PONCE","YAUCO","PEÑUELAS","JOSEFA VÉLEZ BAUZA","IMPEDIDOS",22,43,51,"50% - 59%"
"PONCE","YAUCO","PEÑUELAS","JOSEFA VÉLEZ BAUZA","BAJO NIVEL DE POBREZA",119,169,70,"70% - 79%"
"PONCE","YAUCO","PEÑUELAS","JOSEFA VÉLEZ BAUZA","FEMENINO",112,136,82,"80% - 100%"
"PONCE","YAUCO","PEÑUELAS","JOSEFA VÉLEZ BAUZA","MASCULINO",84,142,59,"50% - 59%"
"PONCE","SANTA ISABEL","VILLALBA","LYSANDER BORRERO TERRY","TODOS",246,329,75,"70% - 79%"
"PONCE","SANTA ISABEL","VILLALBA","LYSANDER BORRERO TERRY","IMPEDIDOS",26,46,57,"50% - 59%"
"PONCE","SANTA ISABEL","VILLALBA","LYSANDER BORRERO TERRY","BAJO NIVEL DE POBREZA",135,192,70,"70% - 79%"
"PONCE","SANTA ISABEL","VILLALBA","LYSANDER BORRERO TERRY","FEMENINO",139,164,85,"80% - 100%"
"PONCE","SANTA ISABEL","VILLALBA","LYSANDER BORRERO TERRY","MASCULINO",107,165,65,"60% - 69%"
"PONCE","YAUCO","YAUCO","LOAIZA CORDERO DE ROSARIO","TODOS",127,197,64,"60% - 69%"
"PONCE","YAUCO","YAUCO","LOAIZA CORDERO DE ROSARIO","IMPEDIDOS",20,33,61,"60% - 69%"
"PONCE","YAUCO","YAUCO","LOAIZA CORDERO DE ROSARIO","BAJO NIVEL DE POBREZA",88,141,62,"60% - 69%"
"PONCE","YAUCO","YAUCO","LOAIZA CORDERO DE ROSARIO","FEMENINO",79,111,71,"70% - 79%"
"PONCE","YAUCO","YAUCO","LOAIZA CORDERO DE ROSARIO","MASCULINO",48,86,56,"50% - 59%"
"PONCE","SANTA ISABEL","VILLALBA","SUPERIOR NUEVA","TODOS",91,99,92,"80% - 100%"
"PONCE","SANTA ISABEL","VILLALBA","SUPERIOR NUEVA","IMPEDIDOS",17,17,100,"80% - 100%"
"PONCE","SANTA ISABEL","VILLALBA","SUPERIOR NUEVA","BAJO NIVEL DE POBREZA",57,63,90,"80% - 100%"
"PONCE","SANTA ISABEL","VILLALBA","SUPERIOR NUEVA","FEMENINO",41,45,91,"80% - 100%"
"PONCE","SANTA ISABEL","VILLALBA","SUPERIOR NUEVA","MASCULINO",50,54,93,"80% - 100%"
"PONCE","PONCE","PONCE III","LILA MERCEDES MAYORAL WIRSHING","TODOS",106,176,60,"60% - 69%"
"PONCE","PONCE","PONCE III","LILA MERCEDES MAYORAL WIRSHING","IMPEDIDOS",15,29,52,"50% - 59%"
"PONCE","PONCE","PONCE III","LILA MERCEDES MAYORAL WIRSHING","BAJO NIVEL DE POBREZA",69,123,56,"50% - 59%"
"PONCE","PONCE","PONCE III","LILA MERCEDES MAYORAL WIRSHING","FEMENINO",66,92,72,"70% - 79%"
"PONCE","PONCE","PONCE III","LILA MERCEDES MAYORAL WIRSHING","MASCULINO",40,84,48,"< 50%"
"SAN JUAN","SAN JUAN I","SAN JUAN I","JULIÁN BLANCO (ESPECIALIZADA BALLET)","TODOS",10,10,100,"80% - 100%"
"SAN JUAN","SAN JUAN I","SAN JUAN I","JULIÁN BLANCO (ESPECIALIZADA BALLET)","BAJO NIVEL DE POBREZA",6,6,100,"80% - 100%"
"SAN JUAN","SAN JUAN I","SAN JUAN I","JULIÁN BLANCO (ESPECIALIZADA BALLET)","FEMENINO",9,9,100,"80% - 100%"
"SAN JUAN","SAN JUAN I","SAN JUAN I","JULIÁN BLANCO (ESPECIALIZADA BALLET)","MASCULINO",1,1,100,"80% - 100%"
"SAN JUAN","CAROLINA","CAROLINA I","LORENZO VIZCARRONDO","TODOS",129,240,54,"50% - 59%"
"SAN JUAN","CAROLINA","CAROLINA I","LORENZO VIZCARRONDO","IMPEDIDOS",22,48,46,"< 50%"
"SAN JUAN","CAROLINA","CAROLINA I","LORENZO VIZCARRONDO","BAJO NIVEL DE POBREZA",60,112,54,"50% - 59%"
"SAN JUAN","CAROLINA","CAROLINA I","LORENZO VIZCARRONDO","FEMENINO",76,129,59,"50% - 59%"
"SAN JUAN","CAROLINA","CAROLINA I","LORENZO VIZCARRONDO","MASCULINO",53,111,48,"< 50%"
"SAN JUAN","GUAYNABO","TRUJILLO ALTO","PETRA ZENÓN DE FABERY (SUP. VOC.)","TODOS",161,198,81,"80% - 100%"
"SAN JUAN","GUAYNABO","TRUJILLO ALTO","PETRA ZENÓN DE FABERY (SUP. VOC.)","IMPEDIDOS",16,20,80,"80% - 100%"
"SAN JUAN","GUAYNABO","TRUJILLO ALTO","PETRA ZENÓN DE FABERY (SUP. VOC.)","BAJO NIVEL DE POBREZA",86,105,82,"80% - 100%"
"SAN JUAN","GUAYNABO","TRUJILLO ALTO","PETRA ZENÓN DE FABERY (SUP. VOC.)","FEMENINO",91,106,86,"80% - 100%"
"SAN JUAN","GUAYNABO","TRUJILLO ALTO","PETRA ZENÓN DE FABERY (SUP. VOC.)","MASCULINO",70,92,76,"70% - 79%"
"SAN JUAN","SAN JUAN I","SAN JUAN II","GABRIELA MISTRAL","TODOS",104,189,55,"50% - 59%"
"SAN JUAN","SAN JUAN I","SAN JUAN II","GABRIELA MISTRAL","IMPEDIDOS",17,30,57,"50% - 59%"
"SAN JUAN","SAN JUAN I","SAN JUAN II","GABRIELA MISTRAL","BAJO NIVEL DE POBREZA",70,141,50,"50% - 59%"
"SAN JUAN","SAN JUAN I","SAN JUAN II","GABRIELA MISTRAL","FEMENINO",67,112,60,"60% - 69%"
"SAN JUAN","SAN JUAN I","SAN JUAN II","GABRIELA MISTRAL","MASCULINO",37,77,48,"< 50%"
"SAN JUAN","SAN JUAN I","SAN JUAN II","JUAN JOSÉ OSUNA (ESPECIALIZADA RADIO Y TV)","TODOS",57,62,92,"80% - 100%"
"SAN JUAN","SAN JUAN I","SAN JUAN II","JUAN JOSÉ OSUNA (ESPECIALIZADA RADIO Y TV)","IMPEDIDOS",4,4,100,"80% - 100%"
"SAN JUAN","SAN JUAN I","SAN JUAN II","JUAN JOSÉ OSUNA (ESPECIALIZADA RADIO Y TV)","BAJO NIVEL DE POBREZA",8,9,89,"80% - 100%"
"SAN JUAN","SAN JUAN I","SAN JUAN II","JUAN JOSÉ OSUNA (ESPECIALIZADA RADIO Y TV)","FEMENINO",37,38,97,"80% - 100%"
"SAN JUAN","SAN JUAN I","SAN JUAN II","JUAN JOSÉ OSUNA (ESPECIALIZADA RADIO Y TV)","MASCULINO",20,24,83,"80% - 100%"
"SAN JUAN","SAN JUAN I","SAN JUAN II","TRINA PADILLA DE SANZ","TODOS",61,107,57,"50% - 59%"
"SAN JUAN","SAN JUAN I","SAN JUAN II","TRINA PADILLA DE SANZ","IMPEDIDOS",15,28,54,"50% - 59%"
"SAN JUAN","SAN JUAN I","SAN JUAN II","TRINA PADILLA DE SANZ","BAJO NIVEL DE POBREZA",37,72,51,"50% - 59%"
"SAN JUAN","SAN JUAN I","SAN JUAN II","TRINA PADILLA DE SANZ","FEMENINO",31,48,65,"60% - 69%"
"SAN JUAN","SAN JUAN I","SAN JUAN II","TRINA PADILLA DE SANZ","MASCULINO",30,59,51,"50% - 59%"
"SAN JUAN","SAN JUAN I","SAN JUAN II","UNIVERSITY GARDENS (ESPECIALIZADA)","TODOS",130,150,87,"80% - 100%"
"SAN JUAN","SAN JUAN I","SAN JUAN II","UNIVERSITY GARDENS (ESPECIALIZADA)","IMPEDIDOS",1,2,50,"50% - 59%"
"SAN JUAN","SAN JUAN I","SAN JUAN II","UNIVERSITY GARDENS (ESPECIALIZADA)","BAJO NIVEL DE POBREZA",32,34,94,"80% - 100%"
"SAN JUAN","SAN JUAN I","SAN JUAN II","UNIVERSITY GARDENS (ESPECIALIZADA)","FEMENINO",66,74,89,"80% - 100%"
"SAN JUAN","SAN JUAN I","SAN JUAN II","UNIVERSITY GARDENS (ESPECIALIZADA)","MASCULINO",64,76,84,"80% - 100%"
"SAN JUAN","SAN JUAN I","SAN JUAN I","CENTRAL ARTES VISUALES (ESPECIALIZADA)","TODOS",102,119,86,"80% - 100%"
"SAN JUAN","SAN JUAN I","SAN JUAN I","CENTRAL ARTES VISUALES (ESPECIALIZADA)","IMPEDIDOS",2,3,67,"60% - 69%"
"SAN JUAN","SAN JUAN I","SAN JUAN I","CENTRAL ARTES VISUALES (ESPECIALIZADA)","BAJO NIVEL DE POBREZA",29,30,97,"80% - 100%"
"SAN JUAN","SAN JUAN I","SAN JUAN I","CENTRAL ARTES VISUALES (ESPECIALIZADA)","FEMENINO",64,74,86,"80% - 100%"
"SAN JUAN","SAN JUAN I","SAN JUAN I","CENTRAL ARTES VISUALES (ESPECIALIZADA)","MASCULINO",38,45,84,"80% - 100%"
"SAN JUAN","SAN JUAN I","SAN JUAN I","MADAME LUCHETTI","TODOS",51,77,66,"60% - 69%"
"SAN JUAN","SAN JUAN I","SAN JUAN I","MADAME LUCHETTI","IMPEDIDOS",6,8,75,"70% - 79%"
"SAN JUAN","SAN JUAN I","SAN JUAN I","MADAME LUCHETTI","BAJO NIVEL DE POBREZA",33,53,62,"60% - 69%"
"SAN JUAN","SAN JUAN I","SAN JUAN I","MADAME LUCHETTI","FEMENINO",27,46,59,"50% - 59%"
"SAN JUAN","SAN JUAN I","SAN JUAN I","MADAME LUCHETTI","MASCULINO",24,31,77,"70% - 79%"
"SAN JUAN","SAN JUAN I","SAN JUAN I","DR. FACUNDO BUESO","TODOS",52,112,46,"< 50%"
"SAN JUAN","SAN JUAN I","SAN JUAN I","DR. FACUNDO BUESO","IMPEDIDOS",8,18,44,"< 50%"
"SAN JUAN","SAN JUAN I","SAN JUAN I","DR. FACUNDO BUESO","BAJO NIVEL DE POBREZA",38,67,57,"50% - 59%"
"SAN JUAN","SAN JUAN I","SAN JUAN I","DR. FACUNDO BUESO","FEMENINO",25,53,47,"< 50%"
"SAN JUAN","SAN JUAN I","SAN JUAN I","DR. FACUNDO BUESO","MASCULINO",27,59,46,"< 50%"
"SAN JUAN","SAN JUAN I","SAN JUAN I","DR. JOSÉ CELSO BARBOSA","TODOS",23,32,72,"70% - 79%"
"SAN JUAN","SAN JUAN I","SAN JUAN I","DR. JOSÉ CELSO BARBOSA","IMPEDIDOS",6,7,86,"80% - 100%"
"SAN JUAN","SAN JUAN I","SAN JUAN I","DR. JOSÉ CELSO BARBOSA","BAJO NIVEL DE POBREZA",22,31,71,"70% - 79%"
"SAN JUAN","SAN JUAN I","SAN JUAN I","DR. JOSÉ CELSO BARBOSA","FEMENINO",8,13,62,"60% - 69%"
"SAN JUAN","SAN JUAN I","SAN JUAN I","DR. JOSÉ CELSO BARBOSA","MASCULINO",15,19,79,"70% - 79%"
"SAN JUAN","SAN JUAN I","SAN JUAN I","JOSÉ JULIÁN ACOSTA (ESPECIALIZADA TEATRO)","TODOS",27,30,90,"80% - 100%"
"SAN JUAN","SAN JUAN I","SAN JUAN I","JOSÉ JULIÁN ACOSTA (ESPECIALIZADA TEATRO)","IMPEDIDOS",2,3,67,"60% - 69%"
"SAN JUAN","SAN JUAN I","SAN JUAN I","JOSÉ JULIÁN ACOSTA (ESPECIALIZADA TEATRO)","BAJO NIVEL DE POBREZA",15,17,88,"80% - 100%"
"SAN JUAN","SAN JUAN I","SAN JUAN I","JOSÉ JULIÁN ACOSTA (ESPECIALIZADA TEATRO)","FEMENINO",19,21,90,"80% - 100%"
"SAN JUAN","SAN JUAN I","SAN JUAN I","JOSÉ JULIÁN ACOSTA (ESPECIALIZADA TEATRO)","MASCULINO",8,9,89,"80% - 100%"
"SAN JUAN","SAN JUAN I","SAN JUAN I","PADRE RUFO (ESPECIALIZADA BILINGUE)","TODOS",52,78,67,"60% - 69%"
"SAN JUAN","SAN JUAN I","SAN JUAN I","PADRE RUFO (ESPECIALIZADA BILINGUE)","IMPEDIDOS",5,5,100,"80% - 100%"
"SAN JUAN","SAN JUAN I","SAN JUAN I","PADRE RUFO (ESPECIALIZADA BILINGUE)","BAJO NIVEL DE POBREZA",13,23,57,"50% - 59%"
"SAN JUAN","SAN JUAN I","SAN JUAN I","PADRE RUFO (ESPECIALIZADA BILINGUE)","FEMENINO",32,51,63,"60% - 69%"
"SAN JUAN","SAN JUAN I","SAN JUAN I","PADRE RUFO (ESPECIALIZADA BILINGUE)","MASCULINO",20,27,74,"70% - 79%"
"SAN JUAN","SAN JUAN I","SAN JUAN I","RAFAEL CORDERO (ESPECIALIZADA COMERCIO)","TODOS",92,105,88,"80% - 100%"
"SAN JUAN","SAN JUAN I","SAN JUAN I","RAFAEL CORDERO (ESPECIALIZADA COMERCIO)","IMPEDIDOS",6,8,75,"70% - 79%"
"SAN JUAN","SAN JUAN I","SAN JUAN I","RAFAEL CORDERO (ESPECIALIZADA COMERCIO)","BAJO NIVEL DE POBREZA",61,69,88,"80% - 100%"
"SAN JUAN","SAN JUAN I","SAN JUAN I","RAFAEL CORDERO (ESPECIALIZADA COMERCIO)","FEMENINO",59,66,89,"80% - 100%"
"SAN JUAN","SAN JUAN I","SAN JUAN I","RAFAEL CORDERO (ESPECIALIZADA COMERCIO)","MASCULINO",33,39,85,"80% - 100%"
"SAN JUAN","CAROLINA","CAROLINA I","ANGEL P. MILLÁN ROHENA SUPERIOR","TODOS",159,236,67,"60% - 69%"
"SAN JUAN","CAROLINA","CAROLINA I","ANGEL P. MILLÁN ROHENA SUPERIOR","IMPEDIDOS",22,32,69,"60% - 69%"
"SAN JUAN","CAROLINA","CAROLINA I","ANGEL P. MILLÁN ROHENA SUPERIOR","BAJO NIVEL DE POBREZA",92,141,65,"60% - 69%"
"SAN JUAN","CAROLINA","CAROLINA I","ANGEL P. MILLÁN ROHENA SUPERIOR","FEMENINO",90,128,70,"70% - 79%"
"SAN JUAN","CAROLINA","CAROLINA I","ANGEL P. MILLÁN ROHENA SUPERIOR","MASCULINO",69,108,64,"60% - 69%"
"SAN JUAN","SAN JUAN II","SAN JUAN IV","MIGUEL SUCH","TODOS",228,329,69,"60% - 69%"
"SAN JUAN","SAN JUAN II","SAN JUAN IV","MIGUEL SUCH","IMPEDIDOS",42,67,63,"60% - 69%"
"SAN JUAN","SAN JUAN II","SAN JUAN IV","MIGUEL SUCH","BAJO NIVEL DE POBREZA",149,224,67,"60% - 69%"
"SAN JUAN","SAN JUAN II","SAN JUAN IV","MIGUEL SUCH","FEMENINO",103,150,69,"60% - 69%"
"SAN JUAN","SAN JUAN II","SAN JUAN IV","MIGUEL SUCH","MASCULINO",125,179,70,"70% - 79%"
"SAN JUAN","SAN JUAN II","SAN JUAN III","ANTONIO SARRIERA EGOZCUE","TODOS",63,93,68,"60% - 69%"
"SAN JUAN","SAN JUAN II","SAN JUAN III","ANTONIO SARRIERA EGOZCUE","IMPEDIDOS",14,18,78,"70% - 79%"
"SAN JUAN","SAN JUAN II","SAN JUAN III","ANTONIO SARRIERA EGOZCUE","BAJO NIVEL DE POBREZA",37,58,64,"60% - 69%"
"SAN JUAN","SAN JUAN II","SAN JUAN III","ANTONIO SARRIERA EGOZCUE","FEMENINO",27,42,64,"60% - 69%"
"SAN JUAN","SAN JUAN II","SAN JUAN III","ANTONIO SARRIERA EGOZCUE","MASCULINO",36,51,71,"70% - 79%"
"SAN JUAN","SAN JUAN II","SAN JUAN IV","JUAN PONCE DE LEÓN","TODOS",28,75,37,"< 50%"
"SAN JUAN","SAN JUAN II","SAN JUAN IV","JUAN PONCE DE LEÓN","IMPEDIDOS",4,12,33,"< 50%"
"SAN JUAN","SAN JUAN II","SAN JUAN IV","JUAN PONCE DE LEÓN","BAJO NIVEL DE POBREZA",20,58,34,"< 50%"
"SAN JUAN","SAN JUAN II","SAN JUAN IV","JUAN PONCE DE LEÓN","FEMENINO",8,32,25,"< 50%"
"SAN JUAN","SAN JUAN II","SAN JUAN IV","JUAN PONCE DE LEÓN","MASCULINO",20,43,47,"< 50%"
"SAN JUAN","SAN JUAN II","SAN JUAN V","AMALIA MARÍN","TODOS",54,95,57,"50% - 59%"
"SAN JUAN","SAN JUAN II","SAN JUAN V","AMALIA MARÍN","IMPEDIDOS",13,19,68,"60% - 69%"
"SAN JUAN","SAN JUAN II","SAN JUAN V","AMALIA MARÍN","BAJO NIVEL DE POBREZA",26,47,55,"50% - 59%"
"SAN JUAN","SAN JUAN II","SAN JUAN V","AMALIA MARÍN","FEMENINO",23,46,50,"50% - 59%"
"SAN JUAN","SAN JUAN II","SAN JUAN V","AMALIA MARÍN","MASCULINO",31,49,63,"60% - 69%"
"SAN JUAN","SAN JUAN II","SAN JUAN III","REPÚBLICA DE COLOMBIA","TODOS",57,121,47,"< 50%"
"SAN JUAN","SAN JUAN II","SAN JUAN III","REPÚBLICA DE COLOMBIA","IMPEDIDOS",8,17,47,"< 50%"
"SAN JUAN","SAN JUAN II","SAN JUAN III","REPÚBLICA DE COLOMBIA","BAJO NIVEL DE POBREZA",46,90,51,"50% - 59%"
"SAN JUAN","SAN JUAN II","SAN JUAN III","REPÚBLICA DE COLOMBIA","FEMENINO",31,64,48,"< 50%"
"SAN JUAN","SAN JUAN II","SAN JUAN III","REPÚBLICA DE COLOMBIA","MASCULINO",26,57,46,"< 50%"
"SAN JUAN","SAN JUAN II","SAN JUAN V","INÉS M MENDOZA VDA DE MUÑOZ MARÍN","TODOS",47,77,61,"60% - 69%"
"SAN JUAN","SAN JUAN II","SAN JUAN V","INÉS M MENDOZA VDA DE MUÑOZ MARÍN","IMPEDIDOS",10,17,59,"50% - 59%"
"SAN JUAN","SAN JUAN II","SAN JUAN V","INÉS M MENDOZA VDA DE MUÑOZ MARÍN","BAJO NIVEL DE POBREZA",38,61,62,"60% - 69%"
"SAN JUAN","SAN JUAN II","SAN JUAN V","INÉS M MENDOZA VDA DE MUÑOZ MARÍN","FEMENINO",28,44,64,"60% - 69%"
"SAN JUAN","SAN JUAN II","SAN JUAN V","INÉS M MENDOZA VDA DE MUÑOZ MARÍN","MASCULINO",19,33,58,"50% - 59%"
"SAN JUAN","SAN JUAN II","SAN JUAN III","RAMÓN VILA MAYO","TODOS",151,229,66,"60% - 69%"
"SAN JUAN","SAN JUAN II","SAN JUAN III","RAMÓN VILA MAYO","IMPEDIDOS",21,34,62,"60% - 69%"
"SAN JUAN","SAN JUAN II","SAN JUAN III","RAMÓN VILA MAYO","BAJO NIVEL DE POBREZA",86,143,60,"60% - 69%"
"SAN JUAN","SAN JUAN II","SAN JUAN III","RAMÓN VILA MAYO","FEMENINO",95,133,71,"70% - 79%"
"SAN JUAN","SAN JUAN II","SAN JUAN III","RAMÓN VILA MAYO","MASCULINO",56,96,58,"50% - 59%"
"SAN JUAN","SAN JUAN II","SAN JUAN IV","ALBERT EINSTEIN","TODOS",74,133,56,"50% - 59%"
"SAN JUAN","SAN JUAN II","SAN JUAN IV","ALBERT EINSTEIN","IMPEDIDOS",12,22,55,"50% - 59%"
"SAN JUAN","SAN JUAN II","SAN JUAN IV","ALBERT EINSTEIN","BAJO NIVEL DE POBREZA",63,115,55,"50% - 59%"
"SAN JUAN","SAN JUAN II","SAN JUAN IV","ALBERT EINSTEIN","FEMENINO",45,73,62,"60% - 69%"
"SAN JUAN","SAN JUAN II","SAN JUAN IV","ALBERT EINSTEIN","MASCULINO",29,60,48,"< 50%"
"SAN JUAN","SAN JUAN I","SAN JUAN I","RAMÓN POWER Y GIRALT","TODOS",65,87,75,"70% - 79%"
"SAN JUAN","SAN JUAN I","SAN JUAN I","RAMÓN POWER Y GIRALT","IMPEDIDOS",10,15,67,"60% - 69%"
"SAN JUAN","SAN JUAN I","SAN JUAN I","RAMÓN POWER Y GIRALT","BAJO NIVEL DE POBREZA",55,71,77,"70% - 79%"
"SAN JUAN","SAN JUAN I","SAN JUAN I","RAMÓN POWER Y GIRALT","FEMENINO",26,35,74,"70% - 79%"
"SAN JUAN","SAN JUAN I","SAN JUAN I","RAMÓN POWER Y GIRALT","MASCULINO",39,52,75,"70% - 79%"
"SAN JUAN","SAN JUAN I","SAN JUAN II","ERNESTO RAMOS ANTONINI (MÚSICA) (ESPECIALIZADA)","TODOS",83,100,83,"80% - 100%"
"SAN JUAN","SAN JUAN I","SAN JUAN II","ERNESTO RAMOS ANTONINI (MÚSICA) (ESPECIALIZADA)","IMPEDIDOS",10,11,91,"80% - 100%"
"SAN JUAN","SAN JUAN I","SAN JUAN II","ERNESTO RAMOS ANTONINI (MÚSICA) (ESPECIALIZADA)","BAJO NIVEL DE POBREZA",29,34,85,"80% - 100%"
"SAN JUAN","SAN JUAN I","SAN JUAN II","ERNESTO RAMOS ANTONINI (MÚSICA) (ESPECIALIZADA)","FEMENINO",39,46,85,"80% - 100%"
"SAN JUAN","SAN JUAN I","SAN JUAN II","ERNESTO RAMOS ANTONINI (MÚSICA) (ESPECIALIZADA)","MASCULINO",44,54,81,"80% - 100%"
"SAN JUAN","SAN JUAN II","SAN JUAN IV","LCDO.  GUILLERMO ATILES MOREAU","TODOS",10,12,83,"80% - 100%"
"SAN JUAN","SAN JUAN II","SAN JUAN IV","LCDO.  GUILLERMO ATILES MOREAU","IMPEDIDOS",6,8,75,"70% - 79%"
"SAN JUAN","SAN JUAN II","SAN JUAN IV","LCDO.  GUILLERMO ATILES MOREAU","BAJO NIVEL DE POBREZA",7,8,87,"80% - 100%"
"SAN JUAN","SAN JUAN II","SAN JUAN IV","LCDO.  GUILLERMO ATILES MOREAU","FEMENINO",5,5,100,"80% - 100%"
"SAN JUAN","SAN JUAN II","SAN JUAN IV","LCDO.  GUILLERMO ATILES MOREAU","MASCULINO",5,7,71,"70% - 79%"
"SAN JUAN","CAROLINA","CAROLINA II","DR. JOSÉ M. LÁZARO","TODOS",153,221,69,"60% - 69%"
"SAN JUAN","CAROLINA","CAROLINA II","DR. JOSÉ M. LÁZARO","IMPEDIDOS",15,22,68,"60% - 69%"
"SAN JUAN","CAROLINA","CAROLINA II","DR. JOSÉ M. LÁZARO","BAJO NIVEL DE POBREZA",95,146,65,"60% - 69%"
"SAN JUAN","CAROLINA","CAROLINA II","DR. JOSÉ M. LÁZARO","FEMENINO",86,117,74,"70% - 79%"
"SAN JUAN","CAROLINA","CAROLINA II","DR. JOSÉ M. LÁZARO","MASCULINO",67,104,64,"60% - 69%"
"SAN JUAN","CAROLINA","CAROLINA II","LUZ AMÉRICA CALDERÓN","TODOS",131,229,57,"50% - 59%"
"SAN JUAN","CAROLINA","CAROLINA II","LUZ AMÉRICA CALDERÓN","IMPEDIDOS",13,21,62,"60% - 69%"
"SAN JUAN","CAROLINA","CAROLINA II","LUZ AMÉRICA CALDERÓN","BAJO NIVEL DE POBREZA",71,129,55,"50% - 59%"
"SAN JUAN","CAROLINA","CAROLINA II","LUZ AMÉRICA CALDERÓN","FEMENINO",63,107,59,"50% - 59%"
"SAN JUAN","CAROLINA","CAROLINA II","LUZ AMÉRICA CALDERÓN","MASCULINO",68,122,56,"50% - 59%"
"SAN JUAN","SAN JUAN II","SAN JUAN III","DR. CESAREO ROSA NIEVES","TODOS",35,67,52,"50% - 59%"
"SAN JUAN","SAN JUAN II","SAN JUAN III","DR. CESAREO ROSA NIEVES","IMPEDIDOS",8,14,57,"50% - 59%"
"SAN JUAN","SAN JUAN II","SAN JUAN III","DR. CESAREO ROSA NIEVES","BAJO NIVEL DE POBREZA",30,40,75,"70% - 79%"
"SAN JUAN","SAN JUAN II","SAN JUAN III","DR. CESAREO ROSA NIEVES","FEMENINO",14,28,50,"50% - 59%"
"SAN JUAN","SAN JUAN II","SAN JUAN III","DR. CESAREO ROSA NIEVES","MASCULINO",21,39,54,"50% - 59%"
"SAN JUAN","CAROLINA","CAROLINA II","LOLA RODRÍGUEZ DE TIÓ","TODOS",19,23,83,"80% - 100%"
"SAN JUAN","CAROLINA","CAROLINA II","LOLA RODRÍGUEZ DE TIÓ","IMPEDIDOS",2,2,100,"80% - 100%"
"SAN JUAN","CAROLINA","CAROLINA II","LOLA RODRÍGUEZ DE TIÓ","BAJO NIVEL DE POBREZA",16,19,84,"80% - 100%"
"SAN JUAN","CAROLINA","CAROLINA II","LOLA RODRÍGUEZ DE TIÓ","FEMENINO",11,11,100,"80% - 100%"
"SAN JUAN","CAROLINA","CAROLINA II","LOLA RODRÍGUEZ DE TIÓ","MASCULINO",8,12,67,"60% - 69%"
"SAN JUAN","SAN JUAN II","SAN JUAN III","SUPERIOR BERWIND","TODOS",99,150,66,"60% - 69%"
"SAN JUAN","SAN JUAN II","SAN JUAN III","SUPERIOR BERWIND","IMPEDIDOS",8,13,62,"60% - 69%"
"SAN JUAN","SAN JUAN II","SAN JUAN III","SUPERIOR BERWIND","BAJO NIVEL DE POBREZA",54,86,63,"60% - 69%"
"SAN JUAN","SAN JUAN II","SAN JUAN III","SUPERIOR BERWIND","FEMENINO",53,79,67,"60% - 69%"
"SAN JUAN","SAN JUAN II","SAN JUAN III","SUPERIOR BERWIND","MASCULINO",46,71,65,"60% - 69%"
"SAN JUAN","GUAYNABO","TRUJILLO ALTO","MEDARDO CARAZO","TODOS",114,216,53,"50% - 59%"
"SAN JUAN","GUAYNABO","TRUJILLO ALTO","MEDARDO CARAZO","IMPEDIDOS",10,31,32,"< 50%"
"SAN JUAN","GUAYNABO","TRUJILLO ALTO","MEDARDO CARAZO","BAJO NIVEL DE POBREZA",83,172,48,"< 50%"
"SAN JUAN","GUAYNABO","TRUJILLO ALTO","MEDARDO CARAZO","FEMENINO",55,104,53,"50% - 59%"
"SAN JUAN","GUAYNABO","TRUJILLO ALTO","MEDARDO CARAZO","MASCULINO",59,112,53,"50% - 59%"
"SAN JUAN","CAROLINA","CAROLINA II","GILBERTO CONCEPCIÓN DE GRACIA","TODOS",205,312,66,"60% - 69%"
"SAN JUAN","CAROLINA","CAROLINA II","GILBERTO CONCEPCIÓN DE GRACIA","IMPEDIDOS",34,44,77,"70% - 79%"
"SAN JUAN","CAROLINA","CAROLINA II","GILBERTO CONCEPCIÓN DE GRACIA","BAJO NIVEL DE POBREZA",115,165,70,"70% - 79%"
"SAN JUAN","CAROLINA","CAROLINA II","GILBERTO CONCEPCIÓN DE GRACIA","FEMENINO",111,157,71,"70% - 79%"
"SAN JUAN","CAROLINA","CAROLINA II","GILBERTO CONCEPCIÓN DE GRACIA","MASCULINO",94,155,61,"60% - 69%"
"BAYAMÓN","BAYAMÓN","BAYAMÓN I","SUPERIOR CACIQUE AGUEYBANÁ (ESPECIALIZADA)","TODOS",58,75,77,"70% - 79%"
"BAYAMÓN","BAYAMÓN","BAYAMÓN I","SUPERIOR CACIQUE AGUEYBANÁ (ESPECIALIZADA)","IMPEDIDOS",7,10,70,"70% - 79%"
"BAYAMÓN","BAYAMÓN","BAYAMÓN I","SUPERIOR CACIQUE AGUEYBANÁ (ESPECIALIZADA)","BAJO NIVEL DE POBREZA",41,54,76,"70% - 79%"
"BAYAMÓN","BAYAMÓN","BAYAMÓN I","SUPERIOR CACIQUE AGUEYBANÁ (ESPECIALIZADA)","FEMENINO",32,40,80,"80% - 100%"
"BAYAMÓN","BAYAMÓN","BAYAMÓN I","SUPERIOR CACIQUE AGUEYBANÁ (ESPECIALIZADA)","MASCULINO",26,35,74,"70% - 79%"
"BAYAMÓN","BAYAMÓN","BAYAMÓN III","PABLO CASALS (ESPECIALIZADA BELLAS ARTES)","TODOS",70,73,96,"80% - 100%"
"BAYAMÓN","BAYAMÓN","BAYAMÓN III","PABLO CASALS (ESPECIALIZADA BELLAS ARTES)","IMPEDIDOS",8,8,100,"80% - 100%"
"BAYAMÓN","BAYAMÓN","BAYAMÓN III","PABLO CASALS (ESPECIALIZADA BELLAS ARTES)","BAJO NIVEL DE POBREZA",41,44,93,"80% - 100%"
"BAYAMÓN","BAYAMÓN","BAYAMÓN III","PABLO CASALS (ESPECIALIZADA BELLAS ARTES)","FEMENINO",53,56,95,"80% - 100%"
"BAYAMÓN","BAYAMÓN","BAYAMÓN III","PABLO CASALS (ESPECIALIZADA BELLAS ARTES)","MASCULINO",17,17,100,"80% - 100%"
"BAYAMÓN","BAYAMÓN","BAYAMÓN III","PAPA JUAN XXIII SUPERIOR","TODOS",110,143,77,"70% - 79%"
"BAYAMÓN","BAYAMÓN","BAYAMÓN III","PAPA JUAN XXIII SUPERIOR","IMPEDIDOS",27,28,96,"80% - 100%"
"BAYAMÓN","BAYAMÓN","BAYAMÓN III","PAPA JUAN XXIII SUPERIOR","BAJO NIVEL DE POBREZA",65,89,73,"70% - 79%"
"BAYAMÓN","BAYAMÓN","BAYAMÓN III","PAPA JUAN XXIII SUPERIOR","FEMENINO",52,70,74,"70% - 79%"
"BAYAMÓN","BAYAMÓN","BAYAMÓN III","PAPA JUAN XXIII SUPERIOR","MASCULINO",58,73,79,"70% - 79%"
"BAYAMÓN","BAYAMÓN","BAYAMÓN II","MIGUEL MELÉNDEZ MUÑOZ","TODOS",91,129,71,"70% - 79%"
"BAYAMÓN","BAYAMÓN","BAYAMÓN II","MIGUEL MELÉNDEZ MUÑOZ","IMPEDIDOS",22,29,76,"70% - 79%"
"BAYAMÓN","BAYAMÓN","BAYAMÓN II","MIGUEL MELÉNDEZ MUÑOZ","BAJO NIVEL DE POBREZA",59,91,65,"60% - 69%"
"BAYAMÓN","BAYAMÓN","BAYAMÓN II","MIGUEL MELÉNDEZ MUÑOZ","FEMENINO",50,66,76,"70% - 79%"
"BAYAMÓN","BAYAMÓN","BAYAMÓN II","MIGUEL MELÉNDEZ MUÑOZ","MASCULINO",41,63,65,"60% - 69%"
"BAYAMÓN","BAYAMÓN","BAYAMÓN III","FRANCISCO MANRIQUE CABRERA","TODOS",100,185,54,"50% - 59%"
"BAYAMÓN","BAYAMÓN","BAYAMÓN III","FRANCISCO MANRIQUE CABRERA","IMPEDIDOS",14,32,44,"< 50%"
"BAYAMÓN","BAYAMÓN","BAYAMÓN III","FRANCISCO MANRIQUE CABRERA","BAJO NIVEL DE POBREZA",70,132,53,"50% - 59%"
"BAYAMÓN","BAYAMÓN","BAYAMÓN III","FRANCISCO MANRIQUE CABRERA","FEMENINO",44,79,56,"50% - 59%"
"BAYAMÓN","BAYAMÓN","BAYAMÓN III","FRANCISCO MANRIQUE CABRERA","MASCULINO",56,106,53,"50% - 59%"
"BAYAMÓN","BAYAMÓN","BAYAMÓN I","DR. AGUSTÍN STAHL","TODOS",225,326,69,"60% - 69%"
"BAYAMÓN","BAYAMÓN","BAYAMÓN I","DR. AGUSTÍN STAHL","IMPEDIDOS",37,59,63,"60% - 69%"
"BAYAMÓN","BAYAMÓN","BAYAMÓN I","DR. AGUSTÍN STAHL","BAJO NIVEL DE POBREZA",145,224,65,"60% - 69%"
"BAYAMÓN","BAYAMÓN","BAYAMÓN I","DR. AGUSTÍN STAHL","FEMENINO",123,183,67,"60% - 69%"
"BAYAMÓN","BAYAMÓN","BAYAMÓN I","DR. AGUSTÍN STAHL","MASCULINO",102,143,71,"70% - 79%"
"BAYAMÓN","BAYAMÓN","BAYAMÓN I","LUIS PALÉS MATOS","TODOS",68,96,71,"70% - 79%"
"BAYAMÓN","BAYAMÓN","BAYAMÓN I","LUIS PALÉS MATOS","IMPEDIDOS",11,18,61,"60% - 69%"
"BAYAMÓN","BAYAMÓN","BAYAMÓN I","LUIS PALÉS MATOS","BAJO NIVEL DE POBREZA",45,59,76,"70% - 79%"
"BAYAMÓN","BAYAMÓN","BAYAMÓN I","LUIS PALÉS MATOS","FEMENINO",43,53,81,"80% - 100%"
"BAYAMÓN","BAYAMÓN","BAYAMÓN I","LUIS PALÉS MATOS","MASCULINO",25,43,58,"50% - 59%"
"BAYAMÓN","BAYAMÓN","BAYAMÓN II","MIGUEL DE CERVANTES SAAVEDRA","TODOS",93,185,50,"50% - 59%"
"BAYAMÓN","BAYAMÓN","BAYAMÓN II","MIGUEL DE CERVANTES SAAVEDRA","IMPEDIDOS",26,54,48,"< 50%"
"BAYAMÓN","BAYAMÓN","BAYAMÓN II","MIGUEL DE CERVANTES SAAVEDRA","BAJO NIVEL DE POBREZA",59,127,46,"< 50%"
"BAYAMÓN","BAYAMÓN","BAYAMÓN II","MIGUEL DE CERVANTES SAAVEDRA","FEMENINO",58,110,53,"50% - 59%"
"BAYAMÓN","BAYAMÓN","BAYAMÓN II","MIGUEL DE CERVANTES SAAVEDRA","MASCULINO",35,75,47,"< 50%"
"BAYAMÓN","BAYAMÓN","BAYAMÓN II","TOMAS C. ONGAY","TODOS",185,220,84,"80% - 100%"
"BAYAMÓN","BAYAMÓN","BAYAMÓN II","TOMAS C. ONGAY","IMPEDIDOS",37,44,84,"80% - 100%"
"BAYAMÓN","BAYAMÓN","BAYAMÓN II","TOMAS C. ONGAY","BAJO NIVEL DE POBREZA",120,143,84,"80% - 100%"
"BAYAMÓN","BAYAMÓN","BAYAMÓN II","TOMAS C. ONGAY","FEMENINO",82,99,83,"80% - 100%"
"BAYAMÓN","BAYAMÓN","BAYAMÓN II","TOMAS C. ONGAY","MASCULINO",103,121,85,"80% - 100%"
"BAYAMÓN","TOA BAJA","CATAÑO","FRANCISCO OLLER","TODOS",126,194,65,"60% - 69%"
"BAYAMÓN","TOA BAJA","CATAÑO","FRANCISCO OLLER","IMPEDIDOS",26,39,67,"60% - 69%"
"BAYAMÓN","TOA BAJA","CATAÑO","FRANCISCO OLLER","BAJO NIVEL DE POBREZA",90,134,67,"60% - 69%"
"BAYAMÓN","TOA BAJA","CATAÑO","FRANCISCO OLLER","FEMENINO",60,89,67,"60% - 69%"
"BAYAMÓN","TOA BAJA","CATAÑO","FRANCISCO OLLER","MASCULINO",66,105,63,"60% - 69%"
"BAYAMÓN","COROZAL","COROZAL","EMILIO R. DELGADO","TODOS",305,376,81,"80% - 100%"
"BAYAMÓN","COROZAL","COROZAL","EMILIO R. DELGADO","IMPEDIDOS",47,68,69,"60% - 69%"
"BAYAMÓN","COROZAL","COROZAL","EMILIO R. DELGADO","BAJO NIVEL DE POBREZA",222,281,79,"70% - 79%"
"BAYAMÓN","COROZAL","COROZAL","EMILIO R. DELGADO","FEMENINO",156,183,85,"80% - 100%"
"BAYAMÓN","COROZAL","COROZAL","EMILIO R. DELGADO","MASCULINO",149,193,77,"70% - 79%"
"ARECIBO","VEGA ALTA","DORADO","JOSÉ SANTOS ALEGRÍA","TODOS",178,220,81,"80% - 100%"
"ARECIBO","VEGA ALTA","DORADO","JOSÉ SANTOS ALEGRÍA","IMPEDIDOS",22,35,63,"60% - 69%"
"ARECIBO","VEGA ALTA","DORADO","JOSÉ SANTOS ALEGRÍA","BAJO NIVEL DE POBREZA",121,156,78,"70% - 79%"
"ARECIBO","VEGA ALTA","DORADO","JOSÉ SANTOS ALEGRÍA","FEMENINO",95,112,85,"80% - 100%"
"ARECIBO","VEGA ALTA","DORADO","JOSÉ SANTOS ALEGRÍA","MASCULINO",83,108,77,"70% - 79%"
"BAYAMÓN","COROZAL","NARANJITO","FRANCISCO MORALES","TODOS",166,252,66,"60% - 69%"
"BAYAMÓN","COROZAL","NARANJITO","FRANCISCO MORALES","IMPEDIDOS",37,69,54,"50% - 59%"
"BAYAMÓN","COROZAL","NARANJITO","FRANCISCO MORALES","BAJO NIVEL DE POBREZA",130,204,64,"60% - 69%"
"BAYAMÓN","COROZAL","NARANJITO","FRANCISCO MORALES","FEMENINO",95,127,75,"70% - 79%"
"BAYAMÓN","COROZAL","NARANJITO","FRANCISCO MORALES","MASCULINO",71,125,57,"50% - 59%"
"BAYAMÓN","TOA BAJA","TOA ALTA","NICOLÁS SEVILLA","TODOS",117,190,62,"60% - 69%"
"BAYAMÓN","TOA BAJA","TOA ALTA","NICOLÁS SEVILLA","IMPEDIDOS",30,52,58,"50% - 59%"
"BAYAMÓN","TOA BAJA","TOA ALTA","NICOLÁS SEVILLA","BAJO NIVEL DE POBREZA",85,148,57,"50% - 59%"
"BAYAMÓN","TOA BAJA","TOA ALTA","NICOLÁS SEVILLA","FEMENINO",60,92,65,"60% - 69%"
"BAYAMÓN","TOA BAJA","TOA ALTA","NICOLÁS SEVILLA","MASCULINO",57,98,58,"50% - 59%"
"BAYAMÓN","TOA BAJA","TOA BAJA","ADOLFINA IRIZARRY DE PUIG","TODOS",113,154,73,"70% - 79%"
"BAYAMÓN","TOA BAJA","TOA BAJA","ADOLFINA IRIZARRY DE PUIG","IMPEDIDOS",9,17,53,"50% - 59%"
"BAYAMÓN","TOA BAJA","TOA BAJA","ADOLFINA IRIZARRY DE PUIG","BAJO NIVEL DE POBREZA",91,125,73,"70% - 79%"
"BAYAMÓN","TOA BAJA","TOA BAJA","ADOLFINA IRIZARRY DE PUIG","FEMENINO",58,71,82,"80% - 100%"
"BAYAMÓN","TOA BAJA","TOA BAJA","ADOLFINA IRIZARRY DE PUIG","MASCULINO",55,83,66,"60% - 69%"
"BAYAMÓN","TOA BAJA","TOA BAJA","PEDRO ALBIZU CAMPOS","TODOS",215,319,67,"60% - 69%"
"BAYAMÓN","TOA BAJA","TOA BAJA","PEDRO ALBIZU CAMPOS","IMPEDIDOS",16,32,50,"50% - 59%"
"BAYAMÓN","TOA BAJA","TOA BAJA","PEDRO ALBIZU CAMPOS","BAJO NIVEL DE POBREZA",104,164,63,"60% - 69%"
"BAYAMÓN","TOA BAJA","TOA BAJA","PEDRO ALBIZU CAMPOS","FEMENINO",147,196,75,"70% - 79%"
"BAYAMÓN","TOA BAJA","TOA BAJA","PEDRO ALBIZU CAMPOS","MASCULINO",68,123,55,"50% - 59%"
"ARECIBO","VEGA ALTA","VEGA ALTA","LADISLAO MARTÍNEZ","TODOS",190,249,76,"70% - 79%"
"ARECIBO","VEGA ALTA","VEGA ALTA","LADISLAO MARTÍNEZ","IMPEDIDOS",27,39,69,"60% - 69%"
"ARECIBO","VEGA ALTA","VEGA ALTA","LADISLAO MARTÍNEZ","BAJO NIVEL DE POBREZA",125,171,73,"70% - 79%"
"ARECIBO","VEGA ALTA","VEGA ALTA","LADISLAO MARTÍNEZ","FEMENINO",104,140,74,"70% - 79%"
"ARECIBO","VEGA ALTA","VEGA ALTA","LADISLAO MARTÍNEZ","MASCULINO",86,109,79,"70% - 79%"
"ARECIBO","VEGA ALTA","VEGA BAJA","LINO PADRO RIVERA","TODOS",194,304,64,"60% - 69%"
"ARECIBO","VEGA ALTA","VEGA BAJA","LINO PADRO RIVERA","IMPEDIDOS",18,41,44,"< 50%"
"ARECIBO","VEGA ALTA","VEGA BAJA","LINO PADRO RIVERA","BAJO NIVEL DE POBREZA",38,51,75,"70% - 79%"
"ARECIBO","VEGA ALTA","VEGA BAJA","LINO PADRO RIVERA","FEMENINO",102,165,62,"60% - 69%"
"ARECIBO","VEGA ALTA","VEGA BAJA","LINO PADRO RIVERA","MASCULINO",92,139,66,"60% - 69%"
"BAYAMÓN","BAYAMÓN","BAYAMÓN I","PEDRO P. CASABLANCA","TODOS",23,46,50,"50% - 59%"
"BAYAMÓN","BAYAMÓN","BAYAMÓN I","PEDRO P. CASABLANCA","IMPEDIDOS",6,14,43,"< 50%"
"BAYAMÓN","BAYAMÓN","BAYAMÓN I","PEDRO P. CASABLANCA","BAJO NIVEL DE POBREZA",18,32,56,"50% - 59%"
"BAYAMÓN","BAYAMÓN","BAYAMÓN I","PEDRO P. CASABLANCA","FEMENINO",12,21,57,"50% - 59%"
"BAYAMÓN","BAYAMÓN","BAYAMÓN I","PEDRO P. CASABLANCA","MASCULINO",11,25,44,"< 50%"
"BAYAMÓN","TOA BAJA","TOA BAJA","MARÍA TERESA PIÑEIRO","TODOS",78,103,76,"70% - 79%"
"BAYAMÓN","TOA BAJA","TOA BAJA","MARÍA TERESA PIÑEIRO","IMPEDIDOS",13,17,76,"70% - 79%"
"BAYAMÓN","TOA BAJA","TOA BAJA","MARÍA TERESA PIÑEIRO","BAJO NIVEL DE POBREZA",57,80,71,"70% - 79%"
"BAYAMÓN","TOA BAJA","TOA BAJA","MARÍA TERESA PIÑEIRO","FEMENINO",47,57,82,"80% - 100%"
"BAYAMÓN","TOA BAJA","TOA BAJA","MARÍA TERESA PIÑEIRO","MASCULINO",31,46,67,"60% - 69%"
"BAYAMÓN","COROZAL","COROZAL","PORFIRIO CRUZ GARCÍA","TODOS",42,72,58,"50% - 59%"
"BAYAMÓN","COROZAL","COROZAL","PORFIRIO CRUZ GARCÍA","IMPEDIDOS",8,17,47,"< 50%"
"BAYAMÓN","COROZAL","COROZAL","PORFIRIO CRUZ GARCÍA","BAJO NIVEL DE POBREZA",31,59,53,"50% - 59%"
"BAYAMÓN","COROZAL","COROZAL","PORFIRIO CRUZ GARCÍA","FEMENINO",24,37,65,"60% - 69%"
"BAYAMÓN","COROZAL","COROZAL","PORFIRIO CRUZ GARCÍA","MASCULINO",18,35,51,"50% - 59%"
"ARECIBO","VEGA ALTA","VEGA BAJA","JUAN QUIRINDONGO MORELL(SUPERIOR)","TODOS",180,231,78,"70% - 79%"
"ARECIBO","VEGA ALTA","VEGA BAJA","JUAN QUIRINDONGO MORELL(SUPERIOR)","IMPEDIDOS",26,41,63,"60% - 69%"
"ARECIBO","VEGA ALTA","VEGA BAJA","JUAN QUIRINDONGO MORELL(SUPERIOR)","BAJO NIVEL DE POBREZA",124,163,76,"70% - 79%"
"ARECIBO","VEGA ALTA","VEGA BAJA","JUAN QUIRINDONGO MORELL(SUPERIOR)","FEMENINO",93,117,79,"70% - 79%"
"ARECIBO","VEGA ALTA","VEGA BAJA","JUAN QUIRINDONGO MORELL(SUPERIOR)","MASCULINO",87,114,76,"70% - 79%"
"SAN JUAN","GUAYNABO","GUAYNABO","ROSALINA C. MARTÍNEZ","TODOS",36,56,64,"60% - 69%"
"SAN JUAN","GUAYNABO","GUAYNABO","ROSALINA C. MARTÍNEZ","IMPEDIDOS",5,11,45,"< 50%"
"SAN JUAN","GUAYNABO","GUAYNABO","ROSALINA C. MARTÍNEZ","BAJO NIVEL DE POBREZA",30,47,64,"60% - 69%"
"SAN JUAN","GUAYNABO","GUAYNABO","ROSALINA C. MARTÍNEZ","FEMENINO",20,30,67,"60% - 69%"
"SAN JUAN","GUAYNABO","GUAYNABO","ROSALINA C. MARTÍNEZ","MASCULINO",16,26,62,"60% - 69%"
"SAN JUAN","GUAYNABO","GUAYNABO","JOSEFINA BARCELÓ","TODOS",81,108,75,"70% - 79%"
"SAN JUAN","GUAYNABO","GUAYNABO","JOSEFINA BARCELÓ","IMPEDIDOS",22,27,81,"80% - 100%"
"SAN JUAN","GUAYNABO","GUAYNABO","JOSEFINA BARCELÓ","BAJO NIVEL DE POBREZA",53,74,72,"70% - 79%"
"SAN JUAN","GUAYNABO","GUAYNABO","JOSEFINA BARCELÓ","FEMENINO",43,59,73,"70% - 79%"
"SAN JUAN","GUAYNABO","GUAYNABO","JOSEFINA BARCELÓ","MASCULINO",38,49,78,"70% - 79%"
"SAN JUAN","GUAYNABO","GUAYNABO","MARGARITA JANER PALACIOS","TODOS",212,309,69,"60% - 69%"
"SAN JUAN","GUAYNABO","GUAYNABO","MARGARITA JANER PALACIOS","IMPEDIDOS",31,49,63,"60% - 69%"
"SAN JUAN","GUAYNABO","GUAYNABO","MARGARITA JANER PALACIOS","BAJO NIVEL DE POBREZA",147,220,67,"60% - 69%"
"SAN JUAN","GUAYNABO","GUAYNABO","MARGARITA JANER PALACIOS","FEMENINO",117,160,73,"70% - 79%"
"SAN JUAN","GUAYNABO","GUAYNABO","MARGARITA JANER PALACIOS","MASCULINO",95,149,64,"60% - 69%"
"BAYAMÓN","BAYAMÓN","BAYAMÓN III","FRANCISCO GAZTAMBIDE","TODOS",119,177,67,"60% - 69%"
"BAYAMÓN","BAYAMÓN","BAYAMÓN III","FRANCISCO GAZTAMBIDE","IMPEDIDOS",20,36,56,"50% - 59%"
"BAYAMÓN","BAYAMÓN","BAYAMÓN III","FRANCISCO GAZTAMBIDE","BAJO NIVEL DE POBREZA",86,135,64,"60% - 69%"
"BAYAMÓN","BAYAMÓN","BAYAMÓN III","FRANCISCO GAZTAMBIDE","FEMENINO",58,87,67,"60% - 69%"
"BAYAMÓN","BAYAMÓN","BAYAMÓN III","FRANCISCO GAZTAMBIDE","MASCULINO",61,90,68,"60% - 69%"
"BAYAMÓN","COROZAL","NARANJITO","RUBEN RODRÍGUEZ FIGUEROA","TODOS",213,241,88,"80% - 100%"
"BAYAMÓN","COROZAL","NARANJITO","RUBEN RODRÍGUEZ FIGUEROA","IMPEDIDOS",29,31,94,"80% - 100%"
"BAYAMÓN","COROZAL","NARANJITO","RUBEN RODRÍGUEZ FIGUEROA","BAJO NIVEL DE POBREZA",118,139,85,"80% - 100%"
"BAYAMÓN","COROZAL","NARANJITO","RUBEN RODRÍGUEZ FIGUEROA","FEMENINO",115,127,91,"80% - 100%"
"BAYAMÓN","COROZAL","NARANJITO","RUBEN RODRÍGUEZ FIGUEROA","MASCULINO",98,114,86,"80% - 100%"
"BAYAMÓN","TOA BAJA","TOA ALTA","ADELA ROLÓN FUENTES","TODOS",231,331,70,"70% - 79%"
"BAYAMÓN","TOA BAJA","TOA ALTA","ADELA ROLÓN FUENTES","IMPEDIDOS",46,75,61,"60% - 69%"
"BAYAMÓN","TOA BAJA","TOA ALTA","ADELA ROLÓN FUENTES","BAJO NIVEL DE POBREZA",133,203,66,"60% - 69%"
"BAYAMÓN","TOA BAJA","TOA ALTA","ADELA ROLÓN FUENTES","FEMENINO",127,166,77,"70% - 79%"
"BAYAMÓN","TOA BAJA","TOA ALTA","ADELA ROLÓN FUENTES","MASCULINO",104,165,63,"60% - 69%"
"ARECIBO","VEGA ALTA","VEGA ALTA","ILEANA DE GRACIA (SUP. URBANA)","TODOS",99,172,58,"50% - 59%"
"ARECIBO","VEGA ALTA","VEGA ALTA","ILEANA DE GRACIA (SUP. URBANA)","IMPEDIDOS",17,33,52,"50% - 59%"
"ARECIBO","VEGA ALTA","VEGA ALTA","ILEANA DE GRACIA (SUP. URBANA)","BAJO NIVEL DE POBREZA",77,131,59,"50% - 59%"
"ARECIBO","VEGA ALTA","VEGA ALTA","ILEANA DE GRACIA (SUP. URBANA)","FEMENINO",59,91,65,"60% - 69%"
"ARECIBO","VEGA ALTA","VEGA ALTA","ILEANA DE GRACIA (SUP. URBANA)","MASCULINO",40,81,49,"< 50%"
"OFICINA CENTRAL","OFICINA CENTRAL","---","TODAS LAS ESCUELAS","TODOS",25129,34984,72,"70% - 79%"
"OFICINA CENTRAL","OFICINA CENTRAL","---","TODAS LAS ESCUELAS","IMPEDIDOS",3600,5902,61,"60% - 69%"
"OFICINA CENTRAL","OFICINA CENTRAL","---","TODAS LAS ESCUELAS","BAJO NIVEL DE POBREZA",16118,23288,69,"60% - 69%"
"OFICINA CENTRAL","OFICINA CENTRAL","---","TODAS LAS ESCUELAS","FEMENINO",13545,17943,75,"70% - 79%"
"OFICINA CENTRAL","OFICINA CENTRAL","---","TODAS LAS ESCUELAS","MASCULINO",11584,17041,68,"60% - 69%"
